jobType,workerCount,maleCount,femaleCount,ageLt40Count,ageGte40Count,minSalary,maxSalary,meanSalary
112.0,3.0,2.0,1.0,3.0,0.0,102.0,170.0,140.7
112.0,2.0,1.0,1.0,0.0,2.0,79.0,383.0,231.0
112.0,5.0,3.0,2.0,3.0,2.0,79.0,383.0,176.8
112.0,3.0,2.0,1.0,1.0,2.0,94.33333333333333,241.0,170.33333333333334
112.0,4.0,3.0,1.0,2.0,2.0,102.0,170.0,140.0
112.0,4.0,3.0,1.0,3.0,1.0,79.0,383.0,231.0
