jobType,workerCount,maleCount,femaleCount,ageLt40Count,ageGte40Count,minSalary,maxSalary,meanSalary
135.0,6.0,6.0,0.0,6.0,0.0,120.0,280.0,170.0
135.0,1.0,1.0,0.0,0.0,1.0,0.0,0.0,0.0
135.0,7.0,7.0,0.0,6.0,1.0,120.0,280.0,170.0
135.0,2.0,2.0,0.0,1.0,1.0,40.0,93.33333333333333,56.666666666666664
135.0,3.0,3.0,0.0,2.0,1.0,60.0,140.0,85.0
135.0,4.0,4.0,0.0,3.0,1.0,80.0,186.66666666666666,113.33333333333333
135.0,5.0,5.0,0.0,4.0,1.0,100.0,233.33333333333334,141.66666666666669
135.0,6.0,6.0,0.0,5.0,1.0,120.0,280.0,170.0
