jobType,workerCount,maleCount,femaleCount,ageLt40Count,ageGte40Count,minSalary,maxSalary,meanSalary
164.0,6.0,5.0,1.0,6.0,0.0,70.0,280.0,158.0
164.0,1.0,1.0,0.0,0.0,1.0,0.0,0.0,0.0
164.0,7.0,6.0,1.0,6.0,1.0,70.0,280.0,161.7
164.0,2.0,2.0,0.0,1.0,1.0,23.333333333333332,93.33333333333333,52.666666666666664
164.0,3.0,3.0,0.0,2.0,1.0,35.0,140.0,79.0
164.0,4.0,4.0,0.0,3.0,1.0,46.666666666666664,186.66666666666666,105.33333333333333
164.0,5.0,5.0,0.0,4.0,1.0,58.333333333333336,233.33333333333334,131.66666666666669
164.0,6.0,6.0,0.0,5.0,1.0,70.0,280.0,158.0
