jobType,workerCount,maleCount,femaleCount,ageLt40Count,ageGte40Count,minSalary,maxSalary,meanSalary
242.0,6.0,2.0,4.0,6.0,0.0,20.0,150.0,92.0
242.0,1.0,1.0,0.0,0.0,1.0,0.0,0.0,0.0
242.0,7.0,3.0,4.0,6.0,1.0,20.0,150.0,92.0
242.0,2.0,2.0,0.0,1.0,1.0,6.666666666666666,50.0,30.666666666666664
242.0,3.0,3.0,0.0,2.0,1.0,10.0,75.0,46.0
242.0,4.0,3.0,1.0,3.0,1.0,13.333333333333332,100.0,61.33333333333333
242.0,5.0,3.0,2.0,4.0,1.0,16.666666666666668,125.0,76.66666666666667
242.0,6.0,3.0,3.0,5.0,1.0,20.0,150.0,92.0
