jobType,workerCount,maleCount,femaleCount,ageLt40Count,ageGte40Count,minSalary,maxSalary,meanSalary
281.0,3.0,2.0,1.0,3.0,0.0,30.0,100.0,70.0
281.0,2.0,2.0,0.0,0.0,2.0,0.0,0.0,0.0
281.0,5.0,4.0,1.0,3.0,2.0,30.0,160.0,92.5
281.0,3.0,3.0,0.0,1.0,2.0,20.0,66.66666666666666,46.666666666666664
281.0,4.0,4.0,0.0,2.0,2.0,30.0,100.0,70.0
281.0,4.0,3.0,1.0,3.0,1.0,0.0,0.0,0.0
