jobType,workerCount,maleCount,femaleCount,ageLt40Count,ageGte40Count,minSalary,maxSalary,meanSalary
442.0,3.0,3.0,0.0,3.0,0.0,80.0,145.0,121.7
442.0,1.0,1.0,0.0,0.0,1.0,0.0,0.0,0.0
442.0,4.0,4.0,0.0,3.0,1.0,80.0,200.0,141.2
442.0,2.0,2.0,0.0,1.0,1.0,53.33333333333333,96.66666666666666,80.66666666666666
442.0,3.0,3.0,0.0,2.0,1.0,80.0,145.0,121.0
