jobType,workerCount,maleCount,femaleCount,ageLt40Count,ageGte40Count,minSalary,maxSalary,meanSalary
828.0,2.0,1.0,1.0,2.0,0.0,74.0,75.0,74.5
828.0,3.0,3.0,0.0,0.0,3.0,90.0,200.0,150.0
828.0,5.0,4.0,1.0,2.0,3.0,74.0,200.0,119.8
828.0,4.0,4.0,0.0,1.0,3.0,74.0,75.0,74.0
828.0,3.0,2.0,1.0,2.0,1.0,84.66666666666667,158.33333333333331,124.83333333333333
828.0,4.0,2.0,2.0,2.0,2.0,90.0,200.0,150.0
