jobType,workerCount,maleCount,femaleCount,ageLt40Count,ageGte40Count,minSalary,maxSalary,meanSalary
833.0,2.0,2.0,0.0,2.0,0.0,85.0,97.0,91.0
833.0,3.0,2.0,1.0,0.0,3.0,0.0,0.0,0.0
833.0,5.0,4.0,1.0,2.0,3.0,85.0,145.0,109.0
833.0,4.0,3.0,1.0,1.0,3.0,85.0,97.0,91.0
833.0,3.0,3.0,0.0,2.0,1.0,28.333333333333336,32.33333333333334,30.333333333333336
833.0,4.0,4.0,0.0,2.0,2.0,0.0,0.0,0.0
