jobType,workerCount,maleCount,femaleCount,ageLt40Count,ageGte40Count,minSalary,maxSalary,meanSalary
844.0,1.0,1.0,0.0,1.0,0.0,0.0,0.0,0.0
844.0,3.0,3.0,0.0,0.0,3.0,70.0,180.0,116.7
844.0,4.0,4.0,0.0,1.0,3.0,70.0,180.0,109.8
844.0,2.0,2.0,0.0,1.0,1.0,46.666666666666664,120.0,77.33333333333333
844.0,3.0,2.0,1.0,1.0,2.0,70.0,180.0,116.0
