jobType,workerCount,maleCount,femaleCount,ageLt40Count,ageGte40Count,minSalary,maxSalary,meanSalary
980.0,3.0,3.0,0.0,3.0,0.0,80.0,95.0,88.3
980.0,2.0,2.0,0.0,0.0,2.0,100.0,200.0,150.0
980.0,5.0,5.0,0.0,3.0,2.0,80.0,200.0,113.0
980.0,3.0,3.0,0.0,1.0,2.0,86.66666666666667,130.0,108.66666666666667
980.0,4.0,4.0,0.0,2.0,2.0,80.0,95.0,88.0
980.0,4.0,4.0,0.0,3.0,1.0,100.0,200.0,150.0
