jobType,workerCount,maleCount,femaleCount,ageLt40Count,ageGte40Count,minSalary,maxSalary,meanSalary
155.0,3.0,1.0,2.0,3.0,0.0,200.0,400.0,323.3
155.0,1.0,0.0,1.0,0.0,1.0,0.0,0.0,0.0
155.0,4.0,1.0,3.0,3.0,1.0,200.0,400.0,310.0
155.0,2.0,0.0,2.0,1.0,1.0,133.33333333333331,266.66666666666663,215.33333333333331
155.0,3.0,0.0,3.0,2.0,1.0,200.0,400.0,323.0
