jobType,workerCount,maleCount,femaleCount,ageLt40Count,ageGte40Count,minSalary,maxSalary,meanSalary
171.0,3.0,1.0,2.0,3.0,0.0,500.0,550.0,525.0
171.0,4.0,4.0,0.0,0.0,4.0,340.0,410.0,375.0
171.0,7.0,5.0,2.0,3.0,4.0,340.0,550.0,450.0
171.0,5.0,5.0,0.0,1.0,4.0,446.66666666666663,503.3333333333333,475.0
171.0,6.0,5.0,1.0,2.0,4.0,500.0,550.0,525.0
171.0,4.0,2.0,2.0,3.0,1.0,420.0,480.0,450.0
171.0,5.0,2.0,3.0,3.0,2.0,380.0,445.0,412.5
171.0,6.0,2.0,4.0,3.0,3.0,340.0,410.0,375.0
