jobType,workerCount,maleCount,femaleCount,ageLt40Count,ageGte40Count,minSalary,maxSalary,meanSalary
172.0,5.0,2.0,3.0,5.0,0.0,150.0,270.0,186.0
172.0,3.0,0.0,3.0,0.0,3.0,110.0,170.0,140.0
172.0,8.0,2.0,6.0,5.0,3.0,110.0,270.0,168.8
172.0,4.0,0.0,4.0,1.0,3.0,126.0,210.0,158.4
172.0,5.0,0.0,5.0,2.0,3.0,134.0,230.0,167.6
172.0,6.0,0.0,6.0,3.0,3.0,142.0,250.0,176.8
172.0,7.0,1.0,6.0,4.0,3.0,150.0,270.0,186.0
172.0,6.0,3.0,3.0,5.0,1.0,123.33333333333334,203.33333333333334,155.33333333333334
172.0,7.0,4.0,3.0,5.0,2.0,110.0,170.0,140.0
