jobType,workerCount,maleCount,femaleCount,ageLt40Count,ageGte40Count,minSalary,maxSalary,meanSalary
181.0,3.0,0.0,3.0,3.0,0.0,200.0,300.0,233.3
181.0,2.0,1.0,1.0,0.0,2.0,230.0,355.0,292.5
181.0,5.0,1.0,4.0,3.0,2.0,200.0,355.0,257.0
181.0,3.0,1.0,2.0,1.0,2.0,210.0,318.3333333333333,253.16666666666669
181.0,4.0,1.0,3.0,2.0,2.0,200.0,300.0,233.5
181.0,4.0,0.0,4.0,3.0,1.0,230.0,355.0,292.0
