jobType,workerCount,maleCount,femaleCount,ageLt40Count,ageGte40Count,minSalary,maxSalary,meanSalary
184.0,6.0,5.0,1.0,6.0,0.0,70.0,300.0,185.0
184.0,2.0,2.0,0.0,0.0,2.0,100.0,320.0,210.0
184.0,8.0,7.0,1.0,6.0,2.0,70.0,320.0,195.0
184.0,3.0,3.0,0.0,1.0,2.0,90.0,313.3333333333333,201.66666666666666
184.0,4.0,4.0,0.0,2.0,2.0,85.0,310.0,197.5
184.0,5.0,5.0,0.0,3.0,2.0,80.0,306.6666666666667,193.33333333333334
184.0,6.0,6.0,0.0,4.0,2.0,75.0,303.3333333333333,189.16666666666666
184.0,7.0,7.0,0.0,5.0,2.0,70.0,300.0,185.0
184.0,7.0,6.0,1.0,6.0,1.0,100.0,320.0,210.0
