jobType,workerCount,maleCount,femaleCount,ageLt40Count,ageGte40Count,minSalary,maxSalary,meanSalary
212.0,3.0,1.0,2.0,3.0,0.0,200.0,500.0,350.0
212.0,1.0,1.0,0.0,0.0,1.0,0.0,0.0,0.0
212.0,4.0,2.0,2.0,3.0,1.0,90.0,500.0,285.0
212.0,2.0,2.0,0.0,1.0,1.0,133.33333333333331,333.3333333333333,233.33333333333331
212.0,3.0,2.0,1.0,2.0,1.0,200.0,500.0,350.0
