jobType,workerCount,maleCount,femaleCount,ageLt40Count,ageGte40Count,minSalary,maxSalary,meanSalary
232.0,3.0,2.0,1.0,3.0,0.0,200.0,500.0,343.3
232.0,1.0,1.0,0.0,0.0,1.0,0.0,0.0,0.0
232.0,4.0,3.0,1.0,3.0,1.0,200.0,500.0,345.0
232.0,2.0,2.0,0.0,1.0,1.0,133.33333333333331,333.3333333333333,228.66666666666666
232.0,3.0,3.0,0.0,2.0,1.0,200.0,500.0,343.0
