jobType,workerCount,maleCount,femaleCount,ageLt40Count,ageGte40Count,minSalary,maxSalary,meanSalary
281.0,3.0,1.0,2.0,3.0,0.0,10.0,200.0,120.0
281.0,1.0,1.0,0.0,0.0,1.0,0.0,0.0,0.0
281.0,4.0,2.0,2.0,3.0,1.0,10.0,200.0,127.5
281.0,2.0,2.0,0.0,1.0,1.0,6.666666666666666,133.33333333333331,80.0
281.0,3.0,2.0,1.0,2.0,1.0,10.0,200.0,120.0
