jobType,workerCount,maleCount,femaleCount,ageLt40Count,ageGte40Count,minSalary,maxSalary,meanSalary
291.0,4.0,0.0,4.0,4.0,0.0,200.0,657.0,338.5
291.0,3.0,3.0,0.0,0.0,3.0,235.0,290.0,258.3
291.0,7.0,3.0,4.0,4.0,3.0,200.0,657.0,304.1
291.0,4.0,3.0,1.0,1.0,3.0,217.5,473.5,298.3
291.0,5.0,3.0,2.0,2.0,3.0,208.75,565.25,318.3
291.0,6.0,3.0,3.0,3.0,3.0,200.0,657.0,338.3
291.0,5.0,0.0,5.0,4.0,1.0,223.33333333333334,412.33333333333337,284.8333333333333
291.0,6.0,0.0,6.0,4.0,2.0,235.0,290.0,258.0
