jobType,workerCount,maleCount,femaleCount,ageLt40Count,ageGte40Count,minSalary,maxSalary,meanSalary
711.0,2.0,2.0,0.0,2.0,0.0,0.0,0.0,0.0
711.0,6.0,5.0,1.0,0.0,6.0,172.0,350.0,234.4
711.0,8.0,7.0,1.0,2.0,6.0,172.0,350.0,245.3
711.0,7.0,6.0,1.0,1.0,6.0,0.0,0.0,0.4000000000000057
711.0,3.0,3.0,0.0,2.0,1.0,57.33333333333333,116.66666666666666,78.0
711.0,4.0,4.0,0.0,2.0,2.0,86.0,175.0,117.0
711.0,5.0,5.0,0.0,2.0,3.0,114.66666666666666,233.33333333333331,156.0
711.0,6.0,6.0,0.0,2.0,4.0,143.33333333333334,291.6666666666667,195.0
711.0,7.0,7.0,0.0,2.0,5.0,172.0,350.0,234.0
