jobType,workerCount,maleCount,femaleCount,ageLt40Count,ageGte40Count,minSalary,maxSalary,meanSalary
722.0,1.0,0.0,1.0,1.0,0.0,0.0,0.0,0.0
722.0,6.0,4.0,2.0,0.0,6.0,100.0,230.0,160.0
722.0,7.0,4.0,3.0,1.0,6.0,100.0,230.0,161.6
722.0,2.0,0.0,2.0,1.0,1.0,33.33333333333333,76.66666666666666,53.33333333333333
722.0,3.0,0.0,3.0,1.0,2.0,50.0,115.0,80.0
722.0,4.0,0.0,4.0,1.0,3.0,66.66666666666666,153.33333333333331,106.66666666666666
722.0,5.0,0.0,5.0,1.0,4.0,83.33333333333334,191.66666666666669,133.33333333333334
722.0,6.0,0.0,6.0,1.0,5.0,100.0,230.0,160.0
