jobType,workerCount,maleCount,femaleCount,ageLt40Count,ageGte40Count,minSalary,maxSalary,meanSalary
813.0,3.0,2.0,1.0,3.0,0.0,100.0,200.0,143.3
813.0,2.0,2.0,0.0,0.0,2.0,180.0,280.0,230.0
813.0,5.0,4.0,1.0,3.0,2.0,100.0,280.0,178.0
813.0,3.0,3.0,0.0,1.0,2.0,126.66666666666667,226.66666666666669,172.0
813.0,4.0,4.0,0.0,2.0,2.0,100.0,200.0,143.0
813.0,4.0,3.0,1.0,3.0,1.0,180.0,280.0,230.0
