jobType,workerCount,maleCount,femaleCount,ageLt40Count,ageGte40Count,minSalary,maxSalary,meanSalary
112.0,3.0,2.0,1.0,3.0,0.0,120.0,350.0,256.7
112.0,2.0,2.0,0.0,0.0,2.0,0.0,0.0,0.0
112.0,5.0,4.0,1.0,3.0,2.0,120.0,350.0,277.5
112.0,3.0,3.0,0.0,1.0,2.0,80.0,233.33333333333331,170.66666666666666
112.0,4.0,4.0,0.0,2.0,2.0,120.0,350.0,256.0
112.0,4.0,3.0,1.0,3.0,1.0,0.0,0.0,0.0
