jobType,workerCount,maleCount,femaleCount,ageLt40Count,ageGte40Count,minSalary,maxSalary,meanSalary
144.0,5.0,2.0,3.0,5.0,0.0,140.0,280.0,199.2
144.0,1.0,0.0,1.0,0.0,1.0,0.0,0.0,0.0
144.0,6.0,2.0,4.0,5.0,1.0,140.0,280.0,195.4
144.0,2.0,0.0,2.0,1.0,1.0,56.0,112.0,79.60000000000001
144.0,3.0,0.0,3.0,2.0,1.0,84.0,168.0,119.39999999999999
144.0,4.0,0.0,4.0,3.0,1.0,112.0,224.0,159.20000000000002
144.0,5.0,1.0,4.0,4.0,1.0,140.0,280.0,199.0
