jobType,workerCount,maleCount,femaleCount,ageLt40Count,ageGte40Count,minSalary,maxSalary,meanSalary
162.0,3.0,3.0,0.0,3.0,0.0,300.0,350.0,325.0
162.0,3.0,2.0,1.0,0.0,3.0,0.0,0.0,0.0
162.0,6.0,5.0,1.0,3.0,3.0,200.0,350.0,283.3
162.0,4.0,3.0,1.0,1.0,3.0,200.0,233.33333333333331,216.66666666666666
162.0,5.0,4.0,1.0,2.0,3.0,300.0,350.0,325.0
162.0,4.0,4.0,0.0,3.0,1.0,100.0,116.66666666666669,108.33333333333334
162.0,5.0,5.0,0.0,3.0,2.0,0.0,0.0,0.0
