jobType,workerCount,maleCount,femaleCount,ageLt40Count,ageGte40Count,minSalary,maxSalary,meanSalary
184.0,5.0,4.0,1.0,5.0,0.0,40.0,300.0,193.8
184.0,3.0,2.0,1.0,0.0,3.0,50.0,200.0,110.0
184.0,8.0,6.0,2.0,5.0,3.0,40.0,300.0,157.9
184.0,4.0,3.0,1.0,1.0,3.0,46.0,240.0,143.2
184.0,5.0,4.0,1.0,2.0,3.0,44.0,260.0,159.8
184.0,6.0,5.0,1.0,3.0,3.0,42.0,280.0,176.4
184.0,7.0,5.0,2.0,4.0,3.0,40.0,300.0,193.0
184.0,6.0,5.0,1.0,5.0,1.0,46.666666666666664,233.33333333333334,137.93333333333334
184.0,7.0,6.0,1.0,5.0,2.0,50.0,200.0,110.0
