jobType,workerCount,maleCount,femaleCount,ageLt40Count,ageGte40Count,minSalary,maxSalary,meanSalary
236.0,1.0,1.0,0.0,1.0,0.0,0.0,0.0,0.0
236.0,5.0,5.0,0.0,0.0,5.0,180.0,330.0,237.0
236.0,6.0,6.0,0.0,1.0,5.0,180.0,580.0,294.2
236.0,2.0,2.0,0.0,1.0,1.0,72.0,132.0,94.80000000000001
236.0,3.0,2.0,1.0,1.0,2.0,108.0,198.0,142.2
236.0,4.0,2.0,2.0,1.0,3.0,144.0,264.0,189.60000000000002
236.0,5.0,2.0,3.0,1.0,4.0,180.0,330.0,237.0
