jobType,workerCount,maleCount,femaleCount,ageLt40Count,ageGte40Count,minSalary,maxSalary,meanSalary
414.0,2.0,1.0,1.0,2.0,0.0,120.0,170.0,145.0
414.0,3.0,2.0,1.0,0.0,3.0,60.0,100.0,80.0
414.0,5.0,3.0,2.0,2.0,3.0,60.0,170.0,112.5
414.0,4.0,3.0,1.0,1.0,3.0,120.0,170.0,145.0
414.0,3.0,1.0,2.0,2.0,1.0,80.0,123.33333333333334,101.66666666666667
414.0,4.0,2.0,2.0,2.0,2.0,60.0,100.0,80.0
