jobType,workerCount,maleCount,femaleCount,ageLt40Count,ageGte40Count,minSalary,maxSalary,meanSalary
431.0,3.0,1.0,2.0,3.0,0.0,100.0,200.0,160.0
431.0,1.0,1.0,0.0,0.0,1.0,0.0,0.0,0.0
431.0,4.0,2.0,2.0,3.0,1.0,100.0,400.0,220.0
431.0,2.0,2.0,0.0,1.0,1.0,66.66666666666666,133.33333333333331,106.66666666666666
431.0,3.0,2.0,1.0,2.0,1.0,100.0,200.0,160.0
