jobType,workerCount,maleCount,femaleCount,ageLt40Count,ageGte40Count,minSalary,maxSalary,meanSalary
442.0,3.0,3.0,0.0,3.0,0.0,230.0,290.0,256.7
442.0,3.0,3.0,0.0,0.0,3.0,333.0,500.0,411.0
442.0,6.0,6.0,0.0,3.0,3.0,230.0,500.0,333.8
442.0,4.0,4.0,0.0,1.0,3.0,264.33333333333337,360.0,307.6666666666667
442.0,5.0,5.0,0.0,2.0,3.0,230.0,290.0,256.0
442.0,4.0,4.0,0.0,3.0,1.0,298.66666666666663,430.0,359.56666666666666
442.0,5.0,5.0,0.0,3.0,2.0,333.0,500.0,411.0
