jobType,workerCount,maleCount,femaleCount,ageLt40Count,ageGte40Count,minSalary,maxSalary,meanSalary
742.0,3.0,2.0,1.0,3.0,0.0,0.0,0.0,0.0
742.0,3.0,3.0,0.0,0.0,3.0,80.0,250.0,156.7
742.0,6.0,5.0,1.0,3.0,3.0,80.0,250.0,150.0
742.0,4.0,4.0,0.0,1.0,3.0,26.66666666666667,83.33333333333334,52.69999999999999
742.0,5.0,5.0,0.0,2.0,3.0,0.0,0.0,0.6999999999999886
742.0,4.0,3.0,1.0,3.0,1.0,53.33333333333333,166.66666666666666,104.0
742.0,5.0,4.0,1.0,3.0,2.0,80.0,250.0,156.0
