jobType,workerCount,maleCount,femaleCount,ageLt40Count,ageGte40Count,minSalary,maxSalary,meanSalary
113.0,1.0,1.0,0.0,1.0,0.0,0.0,0.0,0.0
113.0,5.0,3.0,2.0,0.0,5.0,147.0,1000.0,449.4
113.0,6.0,4.0,2.0,1.0,5.0,147.0,1000.0,399.5
113.0,2.0,2.0,0.0,1.0,1.0,58.800000000000004,400.0,179.60000000000002
113.0,3.0,3.0,0.0,1.0,2.0,88.2,600.0,269.4
113.0,4.0,4.0,0.0,1.0,3.0,117.60000000000001,800.0,359.20000000000005
113.0,5.0,4.0,1.0,1.0,4.0,147.0,1000.0,449.0
