jobType,workerCount,maleCount,femaleCount,ageLt40Count,ageGte40Count,minSalary,maxSalary,meanSalary
134.0,1.0,1.0,0.0,1.0,0.0,0.0,0.0,0.0
134.0,6.0,6.0,0.0,0.0,6.0,200.0,800.0,521.7
134.0,7.0,7.0,0.0,1.0,6.0,200.0,800.0,482.9
134.0,2.0,2.0,0.0,1.0,1.0,66.66666666666666,266.66666666666663,173.66666666666666
134.0,3.0,2.0,1.0,1.0,2.0,100.0,400.0,260.5
134.0,4.0,2.0,2.0,1.0,3.0,133.33333333333331,533.3333333333333,347.3333333333333
134.0,5.0,2.0,3.0,1.0,4.0,166.66666666666669,666.6666666666667,434.1666666666667
134.0,6.0,2.0,4.0,1.0,5.0,200.0,800.0,521.0
