jobType,workerCount,maleCount,femaleCount,ageLt40Count,ageGte40Count,minSalary,maxSalary,meanSalary
181.0,3.0,0.0,3.0,3.0,0.0,160.0,400.0,266.7
181.0,3.0,2.0,1.0,0.0,3.0,250.0,300.0,275.0
181.0,6.0,2.0,4.0,3.0,3.0,160.0,400.0,270.0
181.0,4.0,2.0,2.0,1.0,3.0,190.0,366.66666666666663,269.0
181.0,5.0,2.0,3.0,2.0,3.0,160.0,400.0,266.0
181.0,4.0,0.0,4.0,3.0,1.0,220.0,333.33333333333337,272.23333333333335
181.0,5.0,0.0,5.0,3.0,2.0,250.0,300.0,275.0
