jobType,workerCount,maleCount,femaleCount,ageLt40Count,ageGte40Count,minSalary,maxSalary,meanSalary
212.0,2.0,0.0,2.0,2.0,0.0,0.0,0.0,0.0
212.0,5.0,1.0,4.0,0.0,5.0,108.0,550.0,279.6
212.0,7.0,1.0,6.0,2.0,5.0,108.0,550.0,274.7
212.0,6.0,1.0,5.0,1.0,5.0,0.0,0.0,0.6000000000000227
212.0,3.0,0.0,3.0,2.0,1.0,43.2,220.0,111.60000000000001
212.0,4.0,0.0,4.0,2.0,2.0,64.8,330.0,167.4
212.0,5.0,0.0,5.0,2.0,3.0,86.4,440.0,223.20000000000002
212.0,6.0,0.0,6.0,2.0,4.0,108.0,550.0,279.0
