jobType,workerCount,maleCount,femaleCount,ageLt40Count,ageGte40Count,minSalary,maxSalary,meanSalary
232.0,2.0,1.0,1.0,2.0,0.0,350.0,400.0,375.0
232.0,3.0,3.0,0.0,0.0,3.0,350.0,710.0,526.7
232.0,5.0,4.0,1.0,2.0,3.0,350.0,710.0,466.0
232.0,4.0,4.0,0.0,1.0,3.0,350.0,400.0,375.70000000000005
232.0,3.0,2.0,1.0,2.0,1.0,350.0,606.6666666666666,475.66666666666663
232.0,4.0,2.0,2.0,2.0,2.0,350.0,710.0,526.0
