jobType,workerCount,maleCount,femaleCount,ageLt40Count,ageGte40Count,minSalary,maxSalary,meanSalary
291.0,1.0,1.0,0.0,1.0,0.0,0.0,0.0,0.0
291.0,7.0,5.0,2.0,0.0,7.0,400.0,750.0,550.0
291.0,8.0,6.0,2.0,1.0,7.0,400.0,750.0,536.4
291.0,2.0,2.0,0.0,1.0,1.0,114.28571428571428,214.28571428571428,157.14285714285714
291.0,3.0,3.0,0.0,1.0,2.0,171.42857142857142,321.4285714285714,235.7142857142857
291.0,4.0,4.0,0.0,1.0,3.0,228.57142857142856,428.57142857142856,314.2857142857143
291.0,5.0,5.0,0.0,1.0,4.0,285.7142857142857,535.7142857142858,392.8571428571429
291.0,6.0,6.0,0.0,1.0,5.0,342.85714285714283,642.8571428571428,471.4285714285714
291.0,7.0,6.0,1.0,1.0,6.0,400.0,750.0,550.0
