jobType,workerCount,maleCount,femaleCount,ageLt40Count,ageGte40Count,minSalary,maxSalary,meanSalary
711.0,1.0,1.0,0.0,1.0,0.0,0.0,0.0,0.0
711.0,6.0,4.0,2.0,0.0,6.0,120.0,500.0,316.2
711.0,7.0,5.0,2.0,1.0,6.0,120.0,500.0,323.0
711.0,2.0,2.0,0.0,1.0,1.0,40.0,166.66666666666666,105.33333333333333
711.0,3.0,3.0,0.0,1.0,2.0,60.0,250.0,158.0
711.0,4.0,4.0,0.0,1.0,3.0,80.0,333.3333333333333,210.66666666666666
711.0,5.0,5.0,0.0,1.0,4.0,100.0,416.6666666666667,263.33333333333337
711.0,6.0,5.0,1.0,1.0,5.0,120.0,500.0,316.0
