jobType,workerCount,maleCount,femaleCount,ageLt40Count,ageGte40Count,minSalary,maxSalary,meanSalary
722.0,1.0,1.0,0.0,1.0,0.0,0.0,0.0,0.0
722.0,6.0,3.0,3.0,0.0,6.0,225.0,245.0,233.3
722.0,7.0,4.0,3.0,1.0,6.0,225.0,290.0,247.5
722.0,2.0,2.0,0.0,1.0,1.0,75.0,81.66666666666666,77.66666666666666
722.0,3.0,3.0,0.0,1.0,2.0,112.5,122.5,116.5
722.0,4.0,4.0,0.0,1.0,3.0,150.0,163.33333333333331,155.33333333333331
722.0,5.0,4.0,1.0,1.0,4.0,187.5,204.16666666666669,194.16666666666669
722.0,6.0,4.0,2.0,1.0,5.0,225.0,245.0,233.0
