jobType,workerCount,maleCount,femaleCount,ageLt40Count,ageGte40Count,minSalary,maxSalary,meanSalary
743.0,2.0,0.0,2.0,2.0,0.0,0.0,0.0,0.0
743.0,6.0,2.0,4.0,0.0,6.0,120.0,280.0,200.0
743.0,8.0,2.0,6.0,2.0,6.0,120.0,280.0,173.3
743.0,7.0,2.0,5.0,1.0,6.0,0.0,0.0,0.0
743.0,3.0,0.0,3.0,2.0,1.0,40.0,93.33333333333333,66.66666666666666
743.0,4.0,0.0,4.0,2.0,2.0,60.0,140.0,100.0
743.0,5.0,0.0,5.0,2.0,3.0,80.0,186.66666666666666,133.33333333333331
743.0,6.0,0.0,6.0,2.0,4.0,100.0,233.33333333333334,166.66666666666669
743.0,7.0,0.0,7.0,2.0,5.0,120.0,280.0,200.0
