jobType,workerCount,maleCount,femaleCount,ageLt40Count,ageGte40Count,minSalary,maxSalary,meanSalary
814.0,1.0,1.0,0.0,1.0,0.0,0.0,0.0,0.0
814.0,3.0,3.0,0.0,0.0,3.0,200.0,350.0,283.3
814.0,4.0,4.0,0.0,1.0,3.0,200.0,350.0,283.3
814.0,2.0,2.0,0.0,1.0,1.0,133.33333333333331,233.33333333333331,188.66666666666666
814.0,3.0,2.0,1.0,1.0,2.0,200.0,350.0,283.0
