jobType,workerCount,maleCount,femaleCount,ageLt40Count,ageGte40Count,minSalary,maxSalary,meanSalary
900.0,1.0,0.0,1.0,1.0,0.0,0.0,0.0,0.0
900.0,6.0,5.0,1.0,0.0,6.0,27.0,210.0,64.8
900.0,7.0,5.0,2.0,1.0,6.0,27.0,210.0,77.0
900.0,2.0,0.0,2.0,1.0,1.0,9.0,70.0,21.333333333333332
900.0,3.0,0.0,3.0,1.0,2.0,13.5,105.0,32.0
900.0,4.0,0.0,4.0,1.0,3.0,18.0,140.0,42.666666666666664
900.0,5.0,0.0,5.0,1.0,4.0,22.5,175.0,53.333333333333336
900.0,6.0,0.0,6.0,1.0,5.0,27.0,210.0,64.0
