jobType,workerCount,maleCount,femaleCount,ageLt40Count,ageGte40Count,minSalary,maxSalary,meanSalary
112.0,5.0,4.0,1.0,5.0,0.0,140.0,340.0,244.0
112.0,1.0,1.0,0.0,0.0,1.0,0.0,0.0,0.0
112.0,6.0,5.0,1.0,5.0,1.0,140.0,340.0,244.0
112.0,2.0,2.0,0.0,1.0,1.0,56.0,136.0,97.60000000000001
112.0,3.0,3.0,0.0,2.0,1.0,84.0,204.0,146.4
112.0,4.0,4.0,0.0,3.0,1.0,112.0,272.0,195.20000000000002
112.0,5.0,5.0,0.0,4.0,1.0,140.0,340.0,244.0
