jobType,workerCount,maleCount,femaleCount,ageLt40Count,ageGte40Count,minSalary,maxSalary,meanSalary
155.0,5.0,1.0,4.0,5.0,0.0,180.0,294.0,232.4
155.0,1.0,0.0,1.0,0.0,1.0,0.0,0.0,0.0
155.0,6.0,1.0,5.0,5.0,1.0,180.0,294.0,235.3
155.0,2.0,0.0,2.0,1.0,1.0,72.0,117.60000000000001,92.80000000000001
155.0,3.0,0.0,3.0,2.0,1.0,108.0,176.4,139.2
155.0,4.0,0.0,4.0,3.0,1.0,144.0,235.20000000000002,185.60000000000002
155.0,5.0,0.0,5.0,4.0,1.0,180.0,294.0,232.0
