jobType,workerCount,maleCount,femaleCount,ageLt40Count,ageGte40Count,minSalary,maxSalary,meanSalary
162.0,2.0,2.0,0.0,2.0,0.0,140.0,340.0,240.0
162.0,3.0,2.0,1.0,0.0,3.0,0.0,0.0,0.0
162.0,5.0,4.0,1.0,2.0,3.0,140.0,340.0,210.0
162.0,4.0,3.0,1.0,1.0,3.0,140.0,340.0,240.0
162.0,3.0,3.0,0.0,2.0,1.0,46.66666666666667,113.33333333333334,80.0
162.0,4.0,4.0,0.0,2.0,2.0,0.0,0.0,0.0
