jobType,workerCount,maleCount,femaleCount,ageLt40Count,ageGte40Count,minSalary,maxSalary,meanSalary
171.0,3.0,2.0,1.0,3.0,0.0,290.0,600.0,396.7
171.0,4.0,4.0,0.0,0.0,4.0,120.0,400.0,260.0
171.0,7.0,6.0,1.0,3.0,4.0,120.0,600.0,342.0
171.0,5.0,5.0,0.0,1.0,4.0,233.33333333333331,533.3333333333333,350.66666666666663
171.0,6.0,6.0,0.0,2.0,4.0,290.0,600.0,396.0
171.0,4.0,3.0,1.0,3.0,1.0,205.0,500.0,328.35
171.0,5.0,4.0,1.0,3.0,2.0,162.5,450.0,294.175
171.0,6.0,4.0,2.0,3.0,3.0,120.0,400.0,260.0
