jobType,workerCount,maleCount,femaleCount,ageLt40Count,ageGte40Count,minSalary,maxSalary,meanSalary
232.0,1.0,1.0,0.0,1.0,0.0,0.0,0.0,0.0
232.0,3.0,2.0,1.0,0.0,3.0,70.0,320.0,195.0
232.0,4.0,3.0,1.0,1.0,3.0,70.0,320.0,185.7
232.0,2.0,2.0,0.0,1.0,1.0,46.666666666666664,213.33333333333331,130.0
232.0,3.0,3.0,0.0,1.0,2.0,70.0,320.0,195.0
