jobType,workerCount,maleCount,femaleCount,ageLt40Count,ageGte40Count,minSalary,maxSalary,meanSalary
233.0,7.0,3.0,4.0,7.0,0.0,90.0,390.0,197.3
233.0,1.0,1.0,0.0,0.0,1.0,0.0,0.0,0.0
233.0,8.0,4.0,4.0,7.0,1.0,90.0,390.0,203.9
233.0,2.0,2.0,0.0,1.0,1.0,25.71428571428571,111.42857142857142,56.285714285714285
233.0,3.0,3.0,0.0,2.0,1.0,38.57142857142857,167.14285714285714,84.42857142857143
233.0,4.0,4.0,0.0,3.0,1.0,51.42857142857142,222.85714285714283,112.57142857142857
233.0,5.0,4.0,1.0,4.0,1.0,64.28571428571429,278.57142857142856,140.71428571428572
233.0,6.0,4.0,2.0,5.0,1.0,77.14285714285714,334.2857142857143,168.85714285714286
233.0,7.0,4.0,3.0,6.0,1.0,90.0,390.0,197.0
