jobType,workerCount,maleCount,femaleCount,ageLt40Count,ageGte40Count,minSalary,maxSalary,meanSalary
272.0,3.0,3.0,0.0,3.0,0.0,55.0,130.0,96.7
272.0,5.0,4.0,1.0,0.0,5.0,50.0,130.0,100.0
272.0,8.0,7.0,1.0,3.0,5.0,50.0,130.0,98.8
272.0,6.0,5.0,1.0,1.0,5.0,53.333333333333336,130.0,97.33333333333333
272.0,7.0,6.0,1.0,2.0,5.0,55.0,130.0,96.0
272.0,4.0,4.0,0.0,3.0,1.0,53.0,130.0,98.02
272.0,5.0,5.0,0.0,3.0,2.0,52.0,130.0,98.68
272.0,6.0,6.0,0.0,3.0,3.0,51.0,130.0,99.34
272.0,7.0,7.0,0.0,3.0,4.0,50.0,130.0,100.0
