jobType,workerCount,maleCount,femaleCount,ageLt40Count,ageGte40Count,minSalary,maxSalary,meanSalary
414.0,3.0,1.0,2.0,3.0,0.0,120.0,160.0,140.0
414.0,1.0,1.0,0.0,0.0,1.0,0.0,0.0,0.0
414.0,4.0,2.0,2.0,3.0,1.0,120.0,160.0,140.0
414.0,2.0,2.0,0.0,1.0,1.0,80.0,106.66666666666666,93.33333333333333
414.0,3.0,2.0,1.0,2.0,1.0,120.0,160.0,140.0
