jobType,workerCount,maleCount,femaleCount,ageLt40Count,ageGte40Count,minSalary,maxSalary,meanSalary
442.0,1.0,1.0,0.0,1.0,0.0,0.0,0.0,0.0
442.0,3.0,3.0,0.0,0.0,3.0,290.0,445.0,345.0
442.0,4.0,4.0,0.0,1.0,3.0,290.0,445.0,331.2
442.0,2.0,2.0,0.0,1.0,1.0,193.33333333333331,296.66666666666663,230.0
442.0,3.0,2.0,1.0,1.0,2.0,290.0,445.0,345.0
