jobType,workerCount,maleCount,femaleCount,ageLt40Count,ageGte40Count,minSalary,maxSalary,meanSalary
742.0,3.0,2.0,1.0,3.0,0.0,0.0,0.0,0.0
742.0,3.0,3.0,0.0,0.0,3.0,130.0,330.0,203.3
742.0,6.0,5.0,1.0,3.0,3.0,120.0,330.0,182.5
742.0,4.0,4.0,0.0,1.0,3.0,43.33333333333334,110.0,67.9666666666667
742.0,5.0,5.0,0.0,2.0,3.0,0.0,0.0,0.30000000000001137
742.0,4.0,3.0,1.0,3.0,1.0,86.66666666666666,220.0,135.33333333333331
742.0,5.0,4.0,1.0,3.0,2.0,130.0,330.0,203.0
