jobType,workerCount,maleCount,femaleCount,ageLt40Count,ageGte40Count,minSalary,maxSalary,meanSalary
841.0,2.0,2.0,0.0,2.0,0.0,297.0,333.0,315.0
841.0,3.0,3.0,0.0,0.0,3.0,400.0,485.0,442.5
841.0,5.0,5.0,0.0,2.0,3.0,297.0,485.0,378.8
841.0,4.0,4.0,0.0,1.0,3.0,297.0,333.0,315.5
841.0,3.0,3.0,0.0,2.0,1.0,365.66666666666663,434.3333333333333,399.66666666666663
841.0,4.0,4.0,0.0,2.0,2.0,400.0,485.0,442.0
