jobType,workerCount,maleCount,femaleCount,ageLt40Count,ageGte40Count,minSalary,maxSalary,meanSalary
112.0,3.0,2.0,1.0,3.0,0.0,160.0,184.0,174.7
112.0,1.0,1.0,0.0,0.0,1.0,0.0,0.0,0.0
112.0,4.0,3.0,1.0,3.0,1.0,160.0,184.0,174.7
112.0,2.0,2.0,0.0,1.0,1.0,106.66666666666666,122.66666666666666,116.0
112.0,3.0,3.0,0.0,2.0,1.0,160.0,184.0,174.0
