jobType,workerCount,maleCount,femaleCount,ageLt40Count,ageGte40Count,minSalary,maxSalary,meanSalary
135.0,3.0,2.0,1.0,3.0,0.0,220.0,290.0,250.0
135.0,3.0,3.0,0.0,0.0,3.0,0.0,0.0,0.0
135.0,6.0,5.0,1.0,3.0,3.0,220.0,290.0,257.5
135.0,4.0,4.0,0.0,1.0,3.0,146.66666666666666,193.33333333333331,166.66666666666666
135.0,5.0,5.0,0.0,2.0,3.0,220.0,290.0,250.0
135.0,4.0,3.0,1.0,3.0,1.0,73.33333333333334,96.66666666666669,83.33333333333334
135.0,5.0,4.0,1.0,3.0,2.0,0.0,0.0,0.0
