jobType,workerCount,maleCount,femaleCount,ageLt40Count,ageGte40Count,minSalary,maxSalary,meanSalary
164.0,3.0,2.0,1.0,3.0,0.0,220.0,410.0,343.3
164.0,4.0,4.0,0.0,0.0,4.0,130.0,580.0,387.5
164.0,7.0,6.0,1.0,3.0,4.0,130.0,580.0,368.6
164.0,5.0,5.0,0.0,1.0,4.0,190.0,466.6666666666667,358.1666666666667
164.0,6.0,6.0,0.0,2.0,4.0,220.0,410.0,343.5
164.0,4.0,3.0,1.0,3.0,1.0,175.0,495.0,365.15
164.0,5.0,4.0,1.0,3.0,2.0,152.5,537.5,376.075
164.0,6.0,4.0,2.0,3.0,3.0,130.0,580.0,387.0
