jobType,workerCount,maleCount,femaleCount,ageLt40Count,ageGte40Count,minSalary,maxSalary,meanSalary
184.0,5.0,5.0,0.0,5.0,0.0,60.0,225.0,136.2
184.0,1.0,1.0,0.0,0.0,1.0,0.0,0.0,0.0
184.0,6.0,6.0,0.0,5.0,1.0,60.0,600.0,229.0
184.0,2.0,2.0,0.0,1.0,1.0,24.0,90.0,54.400000000000006
184.0,3.0,3.0,0.0,2.0,1.0,36.0,135.0,81.6
184.0,4.0,4.0,0.0,3.0,1.0,48.0,180.0,108.80000000000001
184.0,5.0,5.0,0.0,4.0,1.0,60.0,225.0,136.0
