jobType,workerCount,maleCount,femaleCount,ageLt40Count,ageGte40Count,minSalary,maxSalary,meanSalary
232.0,3.0,3.0,0.0,3.0,0.0,160.0,400.0,256.7
232.0,5.0,4.0,1.0,0.0,5.0,50.0,600.0,234.0
232.0,8.0,7.0,1.0,3.0,5.0,50.0,600.0,242.5
232.0,6.0,5.0,1.0,1.0,5.0,123.33333333333333,466.6666666666667,248.66666666666666
232.0,7.0,6.0,1.0,2.0,5.0,160.0,400.0,256.0
232.0,4.0,4.0,0.0,3.0,1.0,116.0,480.0,247.62
232.0,5.0,5.0,0.0,3.0,2.0,94.0,520.0,243.07999999999998
232.0,6.0,6.0,0.0,3.0,3.0,72.0,560.0,238.54
232.0,7.0,7.0,0.0,3.0,4.0,50.0,600.0,234.0
