jobType,workerCount,maleCount,femaleCount,ageLt40Count,ageGte40Count,minSalary,maxSalary,meanSalary
236.0,2.0,2.0,0.0,2.0,0.0,200.0,575.0,387.5
236.0,6.0,6.0,0.0,0.0,6.0,119.0,300.0,198.2
236.0,8.0,8.0,0.0,2.0,6.0,119.0,575.0,252.3
236.0,7.0,7.0,0.0,1.0,6.0,200.0,575.0,387.2
236.0,3.0,3.0,0.0,2.0,1.0,173.0,483.33333333333337,324.3333333333333
236.0,4.0,4.0,0.0,2.0,2.0,159.5,437.5,292.75
236.0,5.0,4.0,1.0,2.0,3.0,146.0,391.6666666666667,261.1666666666667
236.0,6.0,4.0,2.0,2.0,4.0,132.5,345.8333333333333,229.58333333333331
236.0,7.0,4.0,3.0,2.0,5.0,119.0,300.0,198.0
