jobType,workerCount,maleCount,femaleCount,ageLt40Count,ageGte40Count,minSalary,maxSalary,meanSalary
251.0,6.0,2.0,4.0,6.0,0.0,79.0,180.0,120.5
251.0,1.0,0.0,1.0,0.0,1.0,0.0,0.0,0.0
251.0,7.0,2.0,5.0,6.0,1.0,79.0,180.0,120.4
251.0,2.0,0.0,2.0,1.0,1.0,26.333333333333332,60.0,40.0
251.0,3.0,0.0,3.0,2.0,1.0,39.5,90.0,60.0
251.0,4.0,0.0,4.0,3.0,1.0,52.666666666666664,120.0,80.0
251.0,5.0,0.0,5.0,4.0,1.0,65.83333333333334,150.0,100.0
251.0,6.0,1.0,5.0,5.0,1.0,79.0,180.0,120.0
