jobType,workerCount,maleCount,femaleCount,ageLt40Count,ageGte40Count,minSalary,maxSalary,meanSalary
431.0,3.0,0.0,3.0,3.0,0.0,118.0,350.0,239.3
431.0,2.0,2.0,0.0,0.0,2.0,330.0,470.0,400.0
431.0,5.0,2.0,3.0,3.0,2.0,118.0,470.0,303.6
431.0,3.0,2.0,1.0,1.0,2.0,188.66666666666669,390.0,292.6666666666667
431.0,4.0,2.0,2.0,2.0,2.0,118.0,350.0,239.0
431.0,4.0,0.0,4.0,3.0,1.0,330.0,470.0,400.0
