jobType,workerCount,maleCount,femaleCount,ageLt40Count,ageGte40Count,minSalary,maxSalary,meanSalary
722.0,1.0,1.0,0.0,1.0,0.0,0.0,0.0,0.0
722.0,5.0,3.0,2.0,0.0,5.0,50.0,204.0,107.7
722.0,6.0,4.0,2.0,1.0,5.0,50.0,204.0,107.7
722.0,2.0,2.0,0.0,1.0,1.0,20.0,81.60000000000001,42.800000000000004
722.0,3.0,3.0,0.0,1.0,2.0,30.0,122.39999999999999,64.2
722.0,4.0,4.0,0.0,1.0,3.0,40.0,163.20000000000002,85.60000000000001
722.0,5.0,4.0,1.0,1.0,4.0,50.0,204.0,107.0
