jobType,workerCount,maleCount,femaleCount,ageLt40Count,ageGte40Count,minSalary,maxSalary,meanSalary
833.0,5.0,3.0,2.0,5.0,0.0,20.0,140.0,96.4
833.0,3.0,1.0,2.0,0.0,3.0,20.0,90.0,55.0
833.0,8.0,4.0,4.0,5.0,3.0,20.0,140.0,84.6
833.0,4.0,1.0,3.0,1.0,3.0,20.0,110.0,71.4
833.0,5.0,1.0,4.0,2.0,3.0,20.0,120.0,79.6
833.0,6.0,2.0,4.0,3.0,3.0,20.0,130.0,87.80000000000001
833.0,7.0,3.0,4.0,4.0,3.0,20.0,140.0,96.0
833.0,6.0,4.0,2.0,5.0,1.0,20.0,106.66666666666667,68.80000000000001
833.0,7.0,4.0,3.0,5.0,2.0,20.0,90.0,55.0
