jobType,workerCount,maleCount,femaleCount,ageLt40Count,ageGte40Count,minSalary,maxSalary,meanSalary
112.0,6.0,4.0,2.0,6.0,0.0,165.0,300.0,226.7
112.0,1.0,1.0,0.0,0.0,1.0,0.0,0.0,0.0
112.0,7.0,5.0,2.0,6.0,1.0,165.0,300.0,226.7
112.0,2.0,2.0,0.0,1.0,1.0,55.0,100.0,75.33333333333333
112.0,3.0,3.0,0.0,2.0,1.0,82.5,150.0,113.0
112.0,4.0,4.0,0.0,3.0,1.0,110.0,200.0,150.66666666666666
112.0,5.0,5.0,0.0,4.0,1.0,137.5,250.0,188.33333333333334
112.0,6.0,5.0,1.0,5.0,1.0,165.0,300.0,226.0
