jobType,workerCount,maleCount,femaleCount,ageLt40Count,ageGte40Count,minSalary,maxSalary,meanSalary
133.0,6.0,4.0,2.0,6.0,0.0,90.0,250.0,181.5
133.0,1.0,1.0,0.0,0.0,1.0,0.0,0.0,0.0
133.0,7.0,5.0,2.0,6.0,1.0,90.0,350.0,205.6
133.0,2.0,2.0,0.0,1.0,1.0,30.0,83.33333333333333,60.33333333333333
133.0,3.0,3.0,0.0,2.0,1.0,45.0,125.0,90.5
133.0,4.0,4.0,0.0,3.0,1.0,60.0,166.66666666666666,120.66666666666666
133.0,5.0,5.0,0.0,4.0,1.0,75.0,208.33333333333334,150.83333333333334
133.0,6.0,5.0,1.0,5.0,1.0,90.0,250.0,181.0
