jobType,workerCount,maleCount,femaleCount,ageLt40Count,ageGte40Count,minSalary,maxSalary,meanSalary
155.0,3.0,1.0,2.0,3.0,0.0,200.0,280.0,250.0
155.0,1.0,0.0,1.0,0.0,1.0,0.0,0.0,0.0
155.0,4.0,1.0,3.0,3.0,1.0,200.0,300.0,262.5
155.0,2.0,0.0,2.0,1.0,1.0,133.33333333333331,186.66666666666666,166.66666666666666
155.0,3.0,0.0,3.0,2.0,1.0,200.0,280.0,250.0
