jobType,workerCount,maleCount,femaleCount,ageLt40Count,ageGte40Count,minSalary,maxSalary,meanSalary
157.0,1.0,0.0,1.0,1.0,0.0,0.0,0.0,0.0
157.0,3.0,1.0,2.0,0.0,3.0,65.0,500.0,321.7
157.0,4.0,1.0,3.0,1.0,3.0,65.0,500.0,288.8
157.0,2.0,0.0,2.0,1.0,1.0,43.33333333333333,333.3333333333333,214.0
157.0,3.0,0.0,3.0,1.0,2.0,65.0,500.0,321.0
