jobType,workerCount,maleCount,femaleCount,ageLt40Count,ageGte40Count,minSalary,maxSalary,meanSalary
236.0,2.0,2.0,0.0,2.0,0.0,180.0,500.0,340.0
236.0,3.0,3.0,0.0,0.0,3.0,221.0,250.0,235.5
236.0,5.0,5.0,0.0,2.0,3.0,180.0,500.0,287.8
236.0,4.0,4.0,0.0,1.0,3.0,180.0,500.0,340.5
236.0,3.0,3.0,0.0,2.0,1.0,207.33333333333334,333.33333333333337,270.0
236.0,4.0,4.0,0.0,2.0,2.0,221.0,250.0,235.0
