jobType,workerCount,maleCount,femaleCount,ageLt40Count,ageGte40Count,minSalary,maxSalary,meanSalary
272.0,3.0,3.0,0.0,3.0,0.0,50.0,200.0,116.7
272.0,5.0,3.0,2.0,0.0,5.0,40.0,120.0,90.0
272.0,8.0,6.0,2.0,3.0,5.0,40.0,200.0,100.0
272.0,6.0,4.0,2.0,1.0,5.0,46.666666666666664,173.33333333333331,107.33333333333333
272.0,7.0,5.0,2.0,2.0,5.0,50.0,200.0,116.0
272.0,4.0,4.0,0.0,3.0,1.0,46.0,168.0,106.02
272.0,5.0,5.0,0.0,3.0,2.0,44.0,152.0,100.68
272.0,6.0,6.0,0.0,3.0,3.0,42.0,136.0,95.34
272.0,7.0,6.0,1.0,3.0,4.0,40.0,120.0,90.0
