jobType,workerCount,maleCount,femaleCount,ageLt40Count,ageGte40Count,minSalary,maxSalary,meanSalary
431.0,3.0,1.0,2.0,3.0,0.0,120.0,167.0,143.0
431.0,2.0,2.0,0.0,0.0,2.0,300.0,420.0,360.0
431.0,5.0,3.0,2.0,3.0,2.0,120.0,420.0,229.8
431.0,3.0,3.0,0.0,1.0,2.0,180.0,251.33333333333334,215.33333333333334
431.0,4.0,3.0,1.0,2.0,2.0,120.0,167.0,143.0
431.0,4.0,2.0,2.0,3.0,1.0,300.0,420.0,360.0
