jobType,workerCount,maleCount,femaleCount,ageLt40Count,ageGte40Count,minSalary,maxSalary,meanSalary
722.0,1.0,0.0,1.0,1.0,0.0,0.0,0.0,0.0
722.0,6.0,5.0,1.0,0.0,6.0,83.0,180.0,131.5
722.0,7.0,5.0,2.0,1.0,6.0,83.0,180.0,121.0
722.0,2.0,0.0,2.0,1.0,1.0,27.666666666666664,60.0,43.666666666666664
722.0,3.0,0.0,3.0,1.0,2.0,41.5,90.0,65.5
722.0,4.0,0.0,4.0,1.0,3.0,55.33333333333333,120.0,87.33333333333333
722.0,5.0,0.0,5.0,1.0,4.0,69.16666666666667,150.0,109.16666666666667
722.0,6.0,0.0,6.0,1.0,5.0,83.0,180.0,131.0
