jobType,workerCount,maleCount,femaleCount,ageLt40Count,ageGte40Count,minSalary,maxSalary,meanSalary
841.0,2.0,2.0,0.0,2.0,0.0,250.0,270.0,260.0
841.0,3.0,3.0,0.0,0.0,3.0,375.0,418.0,396.5
841.0,5.0,5.0,0.0,2.0,3.0,250.0,418.0,328.2
841.0,4.0,4.0,0.0,1.0,3.0,250.0,270.0,260.5
841.0,3.0,3.0,0.0,2.0,1.0,333.3333333333333,368.66666666666663,350.66666666666663
841.0,4.0,4.0,0.0,2.0,2.0,375.0,418.0,396.0
