jobType,workerCount,maleCount,femaleCount,ageLt40Count,ageGte40Count,minSalary,maxSalary,meanSalary
112.0,3.0,1.0,2.0,3.0,0.0,40.0,160.0,89.0
112.0,1.0,1.0,0.0,0.0,1.0,0.0,0.0,0.0
112.0,4.0,2.0,2.0,3.0,1.0,40.0,380.0,161.8
112.0,2.0,2.0,0.0,1.0,1.0,26.666666666666664,106.66666666666666,59.33333333333333
112.0,3.0,2.0,1.0,2.0,1.0,40.0,160.0,89.0
