jobType,workerCount,maleCount,femaleCount,ageLt40Count,ageGte40Count,minSalary,maxSalary,meanSalary
145.0,3.0,1.0,2.0,3.0,0.0,70.0,170.0,111.7
145.0,2.0,0.0,2.0,0.0,2.0,78.0,120.0,99.0
145.0,5.0,1.0,4.0,3.0,2.0,70.0,170.0,106.6
145.0,3.0,0.0,3.0,1.0,2.0,72.66666666666667,153.33333333333331,107.0
145.0,4.0,0.0,4.0,2.0,2.0,70.0,170.0,111.0
145.0,4.0,2.0,2.0,3.0,1.0,78.0,120.0,99.0
