jobType,workerCount,maleCount,femaleCount,ageLt40Count,ageGte40Count,minSalary,maxSalary,meanSalary
236.0,5.0,5.0,0.0,5.0,0.0,80.0,180.0,121.6
236.0,3.0,3.0,0.0,0.0,3.0,100.0,131.0,115.5
236.0,8.0,8.0,0.0,5.0,3.0,80.0,180.0,119.9
236.0,4.0,4.0,0.0,1.0,3.0,92.0,150.6,117.9
236.0,5.0,5.0,0.0,2.0,3.0,88.0,160.4,119.1
236.0,6.0,6.0,0.0,3.0,3.0,84.0,170.2,120.3
236.0,7.0,7.0,0.0,4.0,3.0,80.0,180.0,121.5
236.0,6.0,6.0,0.0,5.0,1.0,93.33333333333333,147.33333333333334,117.2
236.0,7.0,7.0,0.0,5.0,2.0,100.0,131.0,115.0
