jobType,workerCount,maleCount,femaleCount,ageLt40Count,ageGte40Count,minSalary,maxSalary,meanSalary
24.0,3.0,3.0,0.0,3.0,0.0,180.0,270.0,226.7
24.0,2.0,2.0,0.0,0.0,2.0,220.0,350.0,285.0
24.0,5.0,5.0,0.0,3.0,2.0,180.0,350.0,250.0
24.0,3.0,3.0,0.0,1.0,2.0,193.33333333333334,296.6666666666667,245.66666666666669
24.0,4.0,4.0,0.0,2.0,2.0,180.0,270.0,226.0
24.0,4.0,4.0,0.0,3.0,1.0,220.0,350.0,285.0
