jobType,workerCount,maleCount,femaleCount,ageLt40Count,ageGte40Count,minSalary,maxSalary,meanSalary
442.0,3.0,3.0,0.0,3.0,0.0,100.0,120.0,113.3
442.0,1.0,1.0,0.0,0.0,1.0,0.0,0.0,0.0
442.0,4.0,4.0,0.0,3.0,1.0,100.0,180.0,130.0
442.0,2.0,2.0,0.0,1.0,1.0,66.66666666666666,80.0,75.33333333333333
442.0,3.0,3.0,0.0,2.0,1.0,100.0,120.0,113.0
