jobType,workerCount,maleCount,femaleCount,ageLt40Count,ageGte40Count,minSalary,maxSalary,meanSalary
522.0,3.0,1.0,2.0,3.0,0.0,65.0,100.0,82.5
522.0,2.0,2.0,0.0,0.0,2.0,0.0,0.0,0.0
522.0,5.0,3.0,2.0,3.0,2.0,65.0,100.0,82.5
522.0,3.0,3.0,0.0,1.0,2.0,43.33333333333333,66.66666666666666,54.666666666666664
522.0,4.0,3.0,1.0,2.0,2.0,65.0,100.0,82.0
522.0,4.0,2.0,2.0,3.0,1.0,0.0,0.0,0.0
