jobType,workerCount,maleCount,femaleCount,ageLt40Count,ageGte40Count,minSalary,maxSalary,meanSalary
814.0,2.0,2.0,0.0,2.0,0.0,90.0,120.0,105.0
814.0,3.0,3.0,0.0,0.0,3.0,90.0,300.0,161.7
814.0,5.0,5.0,0.0,2.0,3.0,90.0,300.0,139.0
814.0,4.0,4.0,0.0,1.0,3.0,90.0,120.0,105.69999999999999
814.0,3.0,3.0,0.0,2.0,1.0,90.0,240.0,142.33333333333331
814.0,4.0,4.0,0.0,2.0,2.0,90.0,300.0,161.0
