jobType,workerCount,maleCount,femaleCount,ageLt40Count,ageGte40Count,minSalary,maxSalary,meanSalary
828.0,3.0,2.0,1.0,3.0,0.0,50.0,150.0,88.3
828.0,5.0,4.0,1.0,0.0,5.0,60.0,180.0,120.0
828.0,8.0,6.0,2.0,3.0,5.0,50.0,180.0,108.1
828.0,6.0,5.0,1.0,1.0,5.0,53.333333333333336,160.0,98.66666666666667
828.0,7.0,5.0,2.0,2.0,5.0,50.0,150.0,88.0
828.0,4.0,3.0,1.0,3.0,1.0,54.0,162.0,100.98
828.0,5.0,3.0,2.0,3.0,2.0,56.0,168.0,107.32
828.0,6.0,4.0,2.0,3.0,3.0,58.0,174.0,113.66
828.0,7.0,4.0,3.0,3.0,4.0,60.0,180.0,120.0
