jobType,workerCount,maleCount,femaleCount,ageLt40Count,ageGte40Count,minSalary,maxSalary,meanSalary
112.0,6.0,3.0,3.0,6.0,0.0,140.0,320.0,255.8
112.0,1.0,1.0,0.0,0.0,1.0,0.0,0.0,0.0
112.0,7.0,4.0,3.0,6.0,1.0,140.0,320.0,255.8
112.0,2.0,2.0,0.0,1.0,1.0,46.666666666666664,106.66666666666666,85.0
112.0,3.0,3.0,0.0,2.0,1.0,70.0,160.0,127.5
112.0,4.0,4.0,0.0,3.0,1.0,93.33333333333333,213.33333333333331,170.0
112.0,5.0,4.0,1.0,4.0,1.0,116.66666666666667,266.6666666666667,212.5
112.0,6.0,4.0,2.0,5.0,1.0,140.0,320.0,255.0
