jobType,workerCount,maleCount,femaleCount,ageLt40Count,ageGte40Count,minSalary,maxSalary,meanSalary
134.0,3.0,3.0,0.0,3.0,0.0,120.0,385.0,291.7
134.0,2.0,2.0,0.0,0.0,2.0,250.0,400.0,325.0
134.0,5.0,5.0,0.0,3.0,2.0,120.0,400.0,305.0
134.0,3.0,3.0,0.0,1.0,2.0,163.33333333333334,390.0,302.3333333333333
134.0,4.0,4.0,0.0,2.0,2.0,120.0,385.0,291.0
134.0,4.0,4.0,0.0,3.0,1.0,250.0,400.0,325.0
