jobType,workerCount,maleCount,femaleCount,ageLt40Count,ageGte40Count,minSalary,maxSalary,meanSalary
171.0,3.0,1.0,2.0,3.0,0.0,500.0,600.0,550.0
171.0,4.0,4.0,0.0,0.0,4.0,300.0,1000.0,566.7
171.0,7.0,5.0,2.0,3.0,4.0,300.0,1000.0,560.0
171.0,5.0,5.0,0.0,1.0,4.0,433.3333333333333,733.3333333333334,556.0333333333334
171.0,6.0,5.0,1.0,2.0,4.0,500.0,600.0,550.7
171.0,4.0,2.0,2.0,3.0,1.0,400.0,800.0,558.0
171.0,5.0,2.0,3.0,3.0,2.0,350.0,900.0,562.0
171.0,6.0,2.0,4.0,3.0,3.0,300.0,1000.0,566.0
