jobType,workerCount,maleCount,femaleCount,ageLt40Count,ageGte40Count,minSalary,maxSalary,meanSalary
181.0,3.0,0.0,3.0,3.0,0.0,70.0,300.0,173.3
181.0,1.0,0.0,1.0,0.0,1.0,0.0,0.0,0.0
181.0,4.0,0.0,4.0,3.0,1.0,70.0,300.0,195.0
181.0,2.0,0.0,2.0,1.0,1.0,46.666666666666664,200.0,115.33333333333333
181.0,3.0,0.0,3.0,2.0,1.0,70.0,300.0,173.0
