jobType,workerCount,maleCount,femaleCount,ageLt40Count,ageGte40Count,minSalary,maxSalary,meanSalary
236.0,1.0,1.0,0.0,1.0,0.0,0.0,0.0,0.0
236.0,7.0,7.0,0.0,0.0,7.0,197.0,300.0,234.4
236.0,8.0,8.0,0.0,1.0,7.0,197.0,720.0,295.1
236.0,2.0,2.0,0.0,1.0,1.0,56.285714285714285,85.71428571428571,66.85714285714285
236.0,3.0,2.0,1.0,1.0,2.0,84.42857142857143,128.57142857142856,100.28571428571428
236.0,4.0,2.0,2.0,1.0,3.0,112.57142857142857,171.42857142857142,133.7142857142857
236.0,5.0,2.0,3.0,1.0,4.0,140.71428571428572,214.28571428571428,167.14285714285714
236.0,6.0,2.0,4.0,1.0,5.0,168.85714285714286,257.1428571428571,200.57142857142856
236.0,7.0,2.0,5.0,1.0,6.0,197.0,300.0,234.0
