jobType,workerCount,maleCount,femaleCount,ageLt40Count,ageGte40Count,minSalary,maxSalary,meanSalary
251.0,6.0,1.0,5.0,6.0,0.0,50.0,250.0,120.5
251.0,1.0,0.0,1.0,0.0,1.0,0.0,0.0,0.0
251.0,7.0,1.0,6.0,6.0,1.0,50.0,250.0,127.6
251.0,2.0,0.0,2.0,1.0,1.0,16.666666666666664,83.33333333333333,40.0
251.0,3.0,0.0,3.0,2.0,1.0,25.0,125.0,60.0
251.0,4.0,0.0,4.0,3.0,1.0,33.33333333333333,166.66666666666666,80.0
251.0,5.0,0.0,5.0,4.0,1.0,41.66666666666667,208.33333333333334,100.0
251.0,6.0,0.0,6.0,5.0,1.0,50.0,250.0,120.0
