jobType,workerCount,maleCount,femaleCount,ageLt40Count,ageGte40Count,minSalary,maxSalary,meanSalary
431.0,5.0,2.0,3.0,5.0,0.0,100.0,270.0,197.5
431.0,2.0,2.0,0.0,0.0,2.0,354.0,450.0,402.0
431.0,7.0,4.0,3.0,5.0,2.0,100.0,450.0,265.7
431.0,3.0,3.0,0.0,1.0,2.0,252.39999999999998,378.0,320.0
431.0,4.0,4.0,0.0,2.0,2.0,201.6,342.0,279.0
431.0,5.0,4.0,1.0,3.0,2.0,150.79999999999998,306.0,238.0
431.0,6.0,4.0,2.0,4.0,2.0,100.0,270.0,197.0
431.0,6.0,3.0,3.0,5.0,1.0,354.0,450.0,402.0
