jobType,workerCount,maleCount,femaleCount,ageLt40Count,ageGte40Count,minSalary,maxSalary,meanSalary
711.0,2.0,2.0,0.0,2.0,0.0,0.0,0.0,0.0
711.0,6.0,5.0,1.0,0.0,6.0,120.0,200.0,164.0
711.0,8.0,7.0,1.0,2.0,6.0,120.0,200.0,166.7
711.0,7.0,6.0,1.0,1.0,6.0,0.0,0.0,0.0
711.0,3.0,3.0,0.0,2.0,1.0,40.0,66.66666666666666,54.666666666666664
711.0,4.0,4.0,0.0,2.0,2.0,60.0,100.0,82.0
711.0,5.0,5.0,0.0,2.0,3.0,80.0,133.33333333333331,109.33333333333333
711.0,6.0,6.0,0.0,2.0,4.0,100.0,166.66666666666669,136.66666666666669
711.0,7.0,7.0,0.0,2.0,5.0,120.0,200.0,164.0
