jobType,workerCount,maleCount,femaleCount,ageLt40Count,ageGte40Count,minSalary,maxSalary,meanSalary
813.0,2.0,2.0,0.0,2.0,0.0,180.0,200.0,190.0
813.0,3.0,2.0,1.0,0.0,3.0,63.0,340.0,197.7
813.0,5.0,4.0,1.0,2.0,3.0,63.0,340.0,194.6
813.0,4.0,3.0,1.0,1.0,3.0,180.0,200.0,190.7
813.0,3.0,3.0,0.0,2.0,1.0,102.0,293.3333333333333,194.66666666666666
813.0,4.0,4.0,0.0,2.0,2.0,63.0,340.0,197.0
