jobType,workerCount,maleCount,femaleCount,ageLt40Count,ageGte40Count,minSalary,maxSalary,meanSalary
814.0,1.0,1.0,0.0,1.0,0.0,0.0,0.0,0.0
814.0,3.0,1.0,2.0,0.0,3.0,150.0,160.0,155.0
814.0,4.0,2.0,2.0,1.0,3.0,150.0,200.0,170.0
814.0,2.0,2.0,0.0,1.0,1.0,100.0,106.66666666666666,103.33333333333333
814.0,3.0,2.0,1.0,1.0,2.0,150.0,160.0,155.0
