jobType,workerCount,maleCount,femaleCount,ageLt40Count,ageGte40Count,minSalary,maxSalary,meanSalary
833.0,5.0,4.0,1.0,5.0,0.0,85.0,200.0,146.0
833.0,3.0,3.0,0.0,0.0,3.0,180.0,300.0,240.0
833.0,8.0,7.0,1.0,5.0,3.0,85.0,300.0,172.9
833.0,4.0,4.0,0.0,1.0,3.0,142.0,260.0,202.4
833.0,5.0,5.0,0.0,2.0,3.0,123.0,240.0,183.6
833.0,6.0,6.0,0.0,3.0,3.0,104.0,220.0,164.8
833.0,7.0,7.0,0.0,4.0,3.0,85.0,200.0,146.0
833.0,6.0,5.0,1.0,5.0,1.0,148.33333333333331,266.66666666666663,208.66666666666666
833.0,7.0,6.0,1.0,5.0,2.0,180.0,300.0,240.0
