jobType,workerCount,maleCount,femaleCount,ageLt40Count,ageGte40Count,minSalary,maxSalary,meanSalary
144.0,7.0,2.0,5.0,7.0,0.0,108.0,180.0,143.6
144.0,1.0,1.0,0.0,0.0,1.0,0.0,0.0,0.0
144.0,8.0,3.0,5.0,7.0,1.0,108.0,180.0,143.6
144.0,2.0,2.0,0.0,1.0,1.0,30.857142857142854,51.42857142857142,40.857142857142854
144.0,3.0,3.0,0.0,2.0,1.0,46.285714285714285,77.14285714285714,61.285714285714285
144.0,4.0,3.0,1.0,3.0,1.0,61.71428571428571,102.85714285714285,81.71428571428571
144.0,5.0,3.0,2.0,4.0,1.0,77.14285714285714,128.57142857142858,102.14285714285714
144.0,6.0,3.0,3.0,5.0,1.0,92.57142857142857,154.28571428571428,122.57142857142857
144.0,7.0,3.0,4.0,6.0,1.0,108.0,180.0,143.0
