jobType,workerCount,maleCount,femaleCount,ageLt40Count,ageGte40Count,minSalary,maxSalary,meanSalary
157.0,1.0,1.0,0.0,1.0,0.0,0.0,0.0,0.0
157.0,3.0,1.0,2.0,0.0,3.0,38.0,450.0,287.7
157.0,4.0,2.0,2.0,1.0,3.0,38.0,450.0,260.8
157.0,2.0,2.0,0.0,1.0,1.0,25.333333333333332,300.0,191.33333333333331
157.0,3.0,2.0,1.0,1.0,2.0,38.0,450.0,287.0
