jobType,workerCount,maleCount,femaleCount,ageLt40Count,ageGte40Count,minSalary,maxSalary,meanSalary
236.0,2.0,2.0,0.0,2.0,0.0,140.0,500.0,320.0
236.0,3.0,3.0,0.0,0.0,3.0,160.0,300.0,247.3
236.0,5.0,5.0,0.0,2.0,3.0,140.0,500.0,276.4
236.0,4.0,4.0,0.0,1.0,3.0,140.0,500.0,320.3
236.0,3.0,3.0,0.0,2.0,1.0,153.33333333333334,366.6666666666667,271.3333333333333
236.0,4.0,4.0,0.0,2.0,2.0,160.0,300.0,247.0
