jobType,workerCount,maleCount,femaleCount,ageLt40Count,ageGte40Count,minSalary,maxSalary,meanSalary
431.0,3.0,1.0,2.0,3.0,0.0,118.0,150.0,137.7
431.0,2.0,2.0,0.0,0.0,2.0,260.0,460.0,360.0
431.0,5.0,3.0,2.0,3.0,2.0,118.0,460.0,226.6
431.0,3.0,3.0,0.0,1.0,2.0,165.33333333333334,253.33333333333334,211.33333333333334
431.0,4.0,3.0,1.0,2.0,2.0,118.0,150.0,137.0
431.0,4.0,2.0,2.0,3.0,1.0,260.0,460.0,360.0
