jobType,workerCount,maleCount,femaleCount,ageLt40Count,ageGte40Count,minSalary,maxSalary,meanSalary
442.0,1.0,1.0,0.0,1.0,0.0,0.0,0.0,0.0
442.0,3.0,3.0,0.0,0.0,3.0,275.0,370.0,315.0
442.0,4.0,4.0,0.0,1.0,3.0,220.0,370.0,291.2
442.0,2.0,2.0,0.0,1.0,1.0,183.33333333333331,246.66666666666666,210.0
442.0,3.0,2.0,1.0,1.0,2.0,275.0,370.0,315.0
