jobType,workerCount,maleCount,femaleCount,ageLt40Count,ageGte40Count,minSalary,maxSalary,meanSalary
742.0,4.0,3.0,1.0,4.0,0.0,30.0,85.0,57.5
742.0,4.0,3.0,1.0,0.0,4.0,100.0,235.0,154.7
742.0,8.0,6.0,2.0,4.0,4.0,30.0,235.0,115.8
742.0,5.0,3.0,2.0,1.0,4.0,65.0,160.0,106.19999999999999
742.0,6.0,4.0,2.0,2.0,4.0,47.5,122.5,81.94999999999999
742.0,7.0,6.0,1.0,3.0,4.0,30.0,85.0,57.69999999999999
742.0,5.0,4.0,1.0,4.0,1.0,65.0,160.0,105.75
742.0,6.0,5.0,1.0,4.0,2.0,82.5,197.5,129.875
742.0,7.0,5.0,2.0,4.0,3.0,100.0,235.0,154.0
