jobType,workerCount,maleCount,femaleCount,ageLt40Count,ageGte40Count,minSalary,maxSalary,meanSalary
828.0,1.0,1.0,0.0,1.0,0.0,0.0,0.0,0.0
828.0,3.0,2.0,1.0,0.0,3.0,140.0,320.0,253.3
828.0,4.0,3.0,1.0,1.0,3.0,140.0,350.0,277.5
828.0,2.0,2.0,0.0,1.0,1.0,93.33333333333333,213.33333333333331,168.66666666666666
828.0,3.0,3.0,0.0,1.0,2.0,140.0,320.0,253.0
