jobType,workerCount,maleCount,femaleCount,ageLt40Count,ageGte40Count,minSalary,maxSalary,meanSalary
841.0,2.0,2.0,0.0,2.0,0.0,200.0,250.0,225.0
841.0,3.0,3.0,0.0,0.0,3.0,340.0,360.0,350.0
841.0,5.0,5.0,0.0,2.0,3.0,200.0,360.0,287.5
841.0,4.0,4.0,0.0,1.0,3.0,200.0,250.0,225.0
841.0,3.0,3.0,0.0,2.0,1.0,293.3333333333333,323.3333333333333,308.3333333333333
841.0,4.0,4.0,0.0,2.0,2.0,340.0,360.0,350.0
