jobType,workerCount,maleCount,femaleCount,ageLt40Count,ageGte40Count,minSalary,maxSalary,meanSalary
242.0,5.0,4.0,1.0,5.0,0.0,50.0,130.0,91.2
242.0,3.0,2.0,1.0,0.0,3.0,70.0,168.0,119.0
242.0,8.0,6.0,2.0,5.0,3.0,50.0,168.0,100.5
242.0,4.0,3.0,1.0,1.0,3.0,62.0,152.8,107.8
242.0,5.0,3.0,2.0,2.0,3.0,58.0,145.2,102.2
242.0,6.0,5.0,1.0,3.0,3.0,54.0,137.6,96.6
242.0,7.0,5.0,2.0,4.0,3.0,50.0,130.0,91.0
242.0,6.0,4.0,2.0,5.0,1.0,63.33333333333333,155.33333333333334,109.73333333333333
242.0,7.0,6.0,1.0,5.0,2.0,70.0,168.0,119.0
