jobType,workerCount,maleCount,femaleCount,ageLt40Count,ageGte40Count,minSalary,maxSalary,meanSalary
253.0,3.0,3.0,0.0,3.0,0.0,80.0,140.0,105.0
253.0,1.0,1.0,0.0,0.0,1.0,0.0,0.0,0.0
253.0,4.0,4.0,0.0,3.0,1.0,80.0,140.0,101.2
253.0,2.0,2.0,0.0,1.0,1.0,53.33333333333333,93.33333333333333,70.0
253.0,3.0,3.0,0.0,2.0,1.0,80.0,140.0,105.0
