jobType,workerCount,maleCount,femaleCount,ageLt40Count,ageGte40Count,minSalary,maxSalary,meanSalary
742.0,2.0,2.0,0.0,2.0,0.0,0.0,0.0,0.0
742.0,6.0,3.0,3.0,0.0,6.0,55.0,300.0,121.2
742.0,8.0,5.0,3.0,2.0,6.0,55.0,300.0,121.2
742.0,7.0,4.0,3.0,1.0,6.0,0.0,0.0,0.20000000000000284
742.0,3.0,3.0,0.0,2.0,1.0,18.333333333333332,100.0,40.33333333333333
742.0,4.0,4.0,0.0,2.0,2.0,27.5,150.0,60.5
742.0,5.0,5.0,0.0,2.0,3.0,36.666666666666664,200.0,80.66666666666666
742.0,6.0,5.0,1.0,2.0,4.0,45.833333333333336,250.0,100.83333333333334
742.0,7.0,5.0,2.0,2.0,5.0,55.0,300.0,121.0
