jobType,workerCount,maleCount,femaleCount,ageLt40Count,ageGte40Count,minSalary,maxSalary,meanSalary
112.0,5.0,4.0,1.0,5.0,0.0,120.0,250.0,212.0
112.0,3.0,2.0,1.0,0.0,3.0,400.0,585.0,475.0
112.0,8.0,6.0,2.0,5.0,3.0,120.0,585.0,310.6
112.0,4.0,2.0,2.0,1.0,3.0,288.0,451.0,369.8
112.0,5.0,3.0,2.0,2.0,3.0,232.0,384.0,317.20000000000005
112.0,6.0,4.0,2.0,3.0,3.0,176.0,317.0,264.6
112.0,7.0,5.0,2.0,4.0,3.0,120.0,250.0,212.0
112.0,6.0,5.0,1.0,5.0,1.0,306.66666666666663,473.3333333333333,387.3333333333333
112.0,7.0,6.0,1.0,5.0,2.0,400.0,585.0,475.0
