jobType,workerCount,maleCount,femaleCount,ageLt40Count,ageGte40Count,minSalary,maxSalary,meanSalary
113.0,3.0,2.0,1.0,3.0,0.0,300.0,500.0,400.0
113.0,2.0,1.0,1.0,0.0,2.0,300.0,400.0,350.0
113.0,5.0,3.0,2.0,3.0,2.0,300.0,500.0,380.0
113.0,3.0,2.0,1.0,1.0,2.0,300.0,466.66666666666663,383.3333333333333
113.0,4.0,2.0,2.0,2.0,2.0,300.0,500.0,400.0
113.0,4.0,3.0,1.0,3.0,1.0,300.0,400.0,350.0
