jobType,workerCount,maleCount,femaleCount,ageLt40Count,ageGte40Count,minSalary,maxSalary,meanSalary
157.0,2.0,1.0,1.0,2.0,0.0,250.0,290.0,270.0
157.0,3.0,0.0,3.0,0.0,3.0,30.0,600.0,243.3
157.0,5.0,1.0,4.0,2.0,3.0,30.0,600.0,254.0
157.0,4.0,0.0,4.0,1.0,3.0,250.0,290.0,270.3
157.0,3.0,2.0,1.0,2.0,1.0,103.33333333333334,496.66666666666663,252.0
157.0,4.0,2.0,2.0,2.0,2.0,30.0,600.0,243.0
