jobType,workerCount,maleCount,femaleCount,ageLt40Count,ageGte40Count,minSalary,maxSalary,meanSalary
171.0,2.0,1.0,1.0,2.0,0.0,0.0,0.0,0.0
171.0,6.0,4.0,2.0,0.0,6.0,270.0,900.0,578.8
171.0,8.0,5.0,3.0,2.0,6.0,270.0,900.0,563.0
171.0,7.0,5.0,2.0,1.0,6.0,0.0,0.0,0.7999999999999545
171.0,3.0,2.0,1.0,2.0,1.0,90.0,300.0,192.66666666666666
171.0,4.0,3.0,1.0,2.0,2.0,135.0,450.0,289.0
171.0,5.0,3.0,2.0,2.0,3.0,180.0,600.0,385.3333333333333
171.0,6.0,2.0,4.0,2.0,4.0,225.0,750.0,481.6666666666667
171.0,7.0,5.0,2.0,2.0,5.0,270.0,900.0,578.0
