jobType,workerCount,maleCount,femaleCount,ageLt40Count,ageGte40Count,minSalary,maxSalary,meanSalary
232.0,3.0,2.0,1.0,3.0,0.0,225.0,430.0,318.3
232.0,3.0,3.0,0.0,0.0,3.0,390.0,550.0,446.7
232.0,6.0,5.0,1.0,3.0,3.0,225.0,550.0,382.5
232.0,4.0,4.0,0.0,1.0,3.0,280.0,470.0,361.3666666666667
232.0,5.0,5.0,0.0,2.0,3.0,225.0,430.0,318.7
232.0,4.0,3.0,1.0,3.0,1.0,335.0,510.0,403.43333333333334
232.0,5.0,4.0,1.0,3.0,2.0,390.0,550.0,446.0
