jobType,workerCount,maleCount,femaleCount,ageLt40Count,ageGte40Count,minSalary,maxSalary,meanSalary
300.0,3.0,2.0,1.0,3.0,0.0,174.0,280.0,241.3
300.0,2.0,0.0,2.0,0.0,2.0,180.0,300.0,240.0
300.0,5.0,2.0,3.0,3.0,2.0,174.0,300.0,240.8
300.0,3.0,0.0,3.0,1.0,2.0,176.0,286.6666666666667,240.66666666666666
300.0,4.0,1.0,3.0,2.0,2.0,174.0,280.0,241.0
300.0,4.0,3.0,1.0,3.0,1.0,180.0,300.0,240.0
