jobType,workerCount,maleCount,femaleCount,ageLt40Count,ageGte40Count,minSalary,maxSalary,meanSalary
414.0,1.0,1.0,0.0,1.0,0.0,0.0,0.0,0.0
414.0,3.0,3.0,0.0,0.0,3.0,50.0,400.0,225.0
414.0,4.0,4.0,0.0,1.0,3.0,50.0,400.0,213.3
414.0,2.0,2.0,0.0,1.0,1.0,33.33333333333333,266.66666666666663,150.0
414.0,3.0,2.0,1.0,1.0,2.0,50.0,400.0,225.0
