jobType,workerCount,maleCount,femaleCount,ageLt40Count,ageGte40Count,minSalary,maxSalary,meanSalary
431.0,3.0,1.0,2.0,3.0,0.0,289.0,550.0,379.7
431.0,2.0,2.0,0.0,0.0,2.0,350.0,480.0,415.0
431.0,5.0,3.0,2.0,3.0,2.0,289.0,550.0,393.8
431.0,3.0,3.0,0.0,1.0,2.0,309.3333333333333,526.6666666666666,391.0
431.0,4.0,3.0,1.0,2.0,2.0,289.0,550.0,379.0
431.0,4.0,2.0,2.0,3.0,1.0,350.0,480.0,415.0
