jobType,workerCount,maleCount,femaleCount,ageLt40Count,ageGte40Count,minSalary,maxSalary,meanSalary
711.0,1.0,1.0,0.0,1.0,0.0,0.0,0.0,0.0
711.0,6.0,4.0,2.0,0.0,6.0,150.0,500.0,332.5
711.0,7.0,5.0,2.0,1.0,6.0,150.0,500.0,316.0
711.0,2.0,2.0,0.0,1.0,1.0,50.0,166.66666666666666,110.66666666666666
711.0,3.0,3.0,0.0,1.0,2.0,75.0,250.0,166.0
711.0,4.0,4.0,0.0,1.0,3.0,100.0,333.3333333333333,221.33333333333331
711.0,5.0,5.0,0.0,1.0,4.0,125.0,416.6666666666667,276.6666666666667
711.0,6.0,5.0,1.0,1.0,5.0,150.0,500.0,332.0
