jobType,workerCount,maleCount,femaleCount,ageLt40Count,ageGte40Count,minSalary,maxSalary,meanSalary
722.0,1.0,1.0,0.0,1.0,0.0,0.0,0.0,0.0
722.0,7.0,4.0,3.0,0.0,7.0,178.0,400.0,241.2
722.0,8.0,5.0,3.0,1.0,7.0,178.0,400.0,256.0
722.0,2.0,2.0,0.0,1.0,1.0,50.857142857142854,114.28571428571428,68.85714285714285
722.0,3.0,3.0,0.0,1.0,2.0,76.28571428571428,171.42857142857142,103.28571428571428
722.0,4.0,4.0,0.0,1.0,3.0,101.71428571428571,228.57142857142856,137.7142857142857
722.0,5.0,5.0,0.0,1.0,4.0,127.14285714285714,285.7142857142857,172.14285714285714
722.0,6.0,5.0,1.0,1.0,5.0,152.57142857142856,342.85714285714283,206.57142857142856
722.0,7.0,5.0,2.0,1.0,6.0,178.0,400.0,241.0
