jobType,workerCount,maleCount,femaleCount,ageLt40Count,ageGte40Count,minSalary,maxSalary,meanSalary
813.0,4.0,3.0,1.0,4.0,0.0,190.0,380.0,272.5
813.0,3.0,3.0,0.0,0.0,3.0,300.0,400.0,333.3
813.0,7.0,6.0,1.0,4.0,3.0,190.0,400.0,298.6
813.0,4.0,4.0,0.0,1.0,3.0,245.0,390.0,302.8
813.0,5.0,5.0,0.0,2.0,3.0,217.5,385.0,287.55
813.0,6.0,6.0,0.0,3.0,3.0,190.0,380.0,272.3
813.0,5.0,4.0,1.0,4.0,1.0,263.3333333333333,393.3333333333333,312.8333333333333
813.0,6.0,5.0,1.0,4.0,2.0,300.0,400.0,333.0
