jobType,workerCount,maleCount,femaleCount,ageLt40Count,ageGte40Count,minSalary,maxSalary,meanSalary
814.0,2.0,2.0,0.0,2.0,0.0,0.0,0.0,0.0
814.0,3.0,3.0,0.0,0.0,3.0,100.0,450.0,283.3
814.0,5.0,5.0,0.0,2.0,3.0,100.0,450.0,297.5
814.0,4.0,4.0,0.0,1.0,3.0,0.0,0.0,0.30000000000001137
814.0,3.0,3.0,0.0,2.0,1.0,66.66666666666666,300.0,188.66666666666666
814.0,4.0,4.0,0.0,2.0,2.0,100.0,450.0,283.0
