jobType,workerCount,maleCount,femaleCount,ageLt40Count,ageGte40Count,minSalary,maxSalary,meanSalary
828.0,5.0,4.0,1.0,5.0,0.0,30.0,350.0,226.0
828.0,3.0,3.0,0.0,0.0,3.0,250.0,470.0,360.0
828.0,8.0,7.0,1.0,5.0,3.0,30.0,470.0,264.3
828.0,4.0,4.0,0.0,1.0,3.0,162.0,422.0,306.4
828.0,5.0,5.0,0.0,2.0,3.0,118.0,398.0,279.6
828.0,6.0,6.0,0.0,3.0,3.0,74.0,374.0,252.8
828.0,7.0,7.0,0.0,4.0,3.0,30.0,350.0,226.0
828.0,6.0,5.0,1.0,5.0,1.0,176.66666666666666,430.0,315.3333333333333
828.0,7.0,6.0,1.0,5.0,2.0,250.0,470.0,360.0
