jobType,workerCount,maleCount,femaleCount,ageLt40Count,ageGte40Count,minSalary,maxSalary,meanSalary
112.0,6.0,3.0,3.0,6.0,0.0,100.0,390.0,236.7
112.0,1.0,1.0,0.0,0.0,1.0,0.0,0.0,0.0
112.0,7.0,4.0,3.0,6.0,1.0,100.0,450.0,267.1
112.0,2.0,2.0,0.0,1.0,1.0,33.33333333333333,130.0,78.66666666666666
112.0,3.0,3.0,0.0,2.0,1.0,50.0,195.0,118.0
112.0,4.0,4.0,0.0,3.0,1.0,66.66666666666666,260.0,157.33333333333331
112.0,5.0,4.0,1.0,4.0,1.0,83.33333333333334,325.0,196.66666666666669
112.0,6.0,4.0,2.0,5.0,1.0,100.0,390.0,236.0
