jobType,workerCount,maleCount,femaleCount,ageLt40Count,ageGte40Count,minSalary,maxSalary,meanSalary
142.0,2.0,1.0,1.0,2.0,0.0,180.0,350.0,265.0
142.0,6.0,1.0,5.0,0.0,6.0,0.0,0.0,0.0
142.0,8.0,2.0,6.0,2.0,6.0,180.0,500.0,343.3
142.0,7.0,1.0,6.0,1.0,6.0,180.0,350.0,265.0
142.0,3.0,2.0,1.0,2.0,1.0,120.0,233.33333333333334,176.66666666666669
142.0,4.0,2.0,2.0,2.0,2.0,90.0,175.0,132.5
142.0,5.0,2.0,3.0,2.0,3.0,60.0,116.66666666666669,88.33333333333334
142.0,6.0,2.0,4.0,2.0,4.0,30.0,58.333333333333314,44.16666666666666
142.0,7.0,2.0,5.0,2.0,5.0,0.0,0.0,0.0
