jobType,workerCount,maleCount,femaleCount,ageLt40Count,ageGte40Count,minSalary,maxSalary,meanSalary
184.0,3.0,3.0,0.0,3.0,0.0,167.0,300.0,233.5
184.0,3.0,3.0,0.0,0.0,3.0,100.0,400.0,250.0
184.0,6.0,6.0,0.0,3.0,3.0,100.0,400.0,241.8
184.0,4.0,4.0,0.0,1.0,3.0,144.66666666666666,333.33333333333337,238.66666666666666
184.0,5.0,5.0,0.0,2.0,3.0,167.0,300.0,233.0
184.0,4.0,4.0,0.0,3.0,1.0,122.33333333333334,366.66666666666663,244.5
184.0,5.0,5.0,0.0,3.0,2.0,100.0,400.0,250.0
