jobType,workerCount,maleCount,femaleCount,ageLt40Count,ageGte40Count,minSalary,maxSalary,meanSalary
231.0,3.0,3.0,0.0,3.0,0.0,200.0,350.0,266.7
231.0,3.0,3.0,0.0,0.0,3.0,200.0,330.0,243.3
231.0,6.0,6.0,0.0,3.0,3.0,200.0,350.0,255.0
231.0,4.0,4.0,0.0,1.0,3.0,200.0,343.3333333333333,258.6333333333333
231.0,5.0,5.0,0.0,2.0,3.0,200.0,350.0,266.3
231.0,4.0,4.0,0.0,3.0,1.0,200.0,336.6666666666667,250.9
231.0,5.0,5.0,0.0,3.0,2.0,200.0,330.0,243.0
