jobType,workerCount,maleCount,femaleCount,ageLt40Count,ageGte40Count,minSalary,maxSalary,meanSalary
232.0,1.0,1.0,0.0,1.0,0.0,0.0,0.0,0.0
232.0,3.0,3.0,0.0,0.0,3.0,310.0,500.0,393.3
232.0,4.0,4.0,0.0,1.0,3.0,310.0,500.0,395.0
232.0,2.0,2.0,0.0,1.0,1.0,206.66666666666666,333.3333333333333,262.0
232.0,3.0,2.0,1.0,1.0,2.0,310.0,500.0,393.0
