jobType,workerCount,maleCount,femaleCount,ageLt40Count,ageGte40Count,minSalary,maxSalary,meanSalary
291.0,3.0,0.0,3.0,3.0,0.0,165.0,400.0,253.7
291.0,1.0,1.0,0.0,0.0,1.0,0.0,0.0,0.0
291.0,4.0,1.0,3.0,3.0,1.0,165.0,400.0,265.2
291.0,2.0,1.0,1.0,1.0,1.0,110.0,266.66666666666663,168.66666666666666
291.0,3.0,1.0,2.0,2.0,1.0,165.0,400.0,253.0
