jobType,workerCount,maleCount,femaleCount,ageLt40Count,ageGte40Count,minSalary,maxSalary,meanSalary
443.0,2.0,1.0,1.0,2.0,0.0,190.0,260.0,225.0
443.0,3.0,3.0,0.0,0.0,3.0,400.0,550.0,466.7
443.0,5.0,4.0,1.0,2.0,3.0,190.0,550.0,370.0
443.0,4.0,4.0,0.0,1.0,3.0,190.0,260.0,225.7
443.0,3.0,2.0,1.0,2.0,1.0,330.0,453.3333333333333,385.66666666666663
443.0,4.0,2.0,2.0,2.0,2.0,400.0,550.0,466.0
