jobType,workerCount,maleCount,femaleCount,ageLt40Count,ageGte40Count,minSalary,maxSalary,meanSalary
711.0,1.0,1.0,0.0,1.0,0.0,0.0,0.0,0.0
711.0,5.0,4.0,1.0,0.0,5.0,144.0,400.0,248.0
711.0,6.0,5.0,1.0,1.0,5.0,144.0,400.0,248.0
711.0,2.0,2.0,0.0,1.0,1.0,57.6,160.0,99.2
711.0,3.0,3.0,0.0,1.0,2.0,86.39999999999999,240.0,148.79999999999998
711.0,4.0,4.0,0.0,1.0,3.0,115.2,320.0,198.4
711.0,5.0,5.0,0.0,1.0,4.0,144.0,400.0,248.0
