jobType,workerCount,maleCount,femaleCount,ageLt40Count,ageGte40Count,minSalary,maxSalary,meanSalary
722.0,1.0,0.0,1.0,1.0,0.0,0.0,0.0,0.0
722.0,6.0,4.0,2.0,0.0,6.0,130.0,350.0,203.5
722.0,7.0,4.0,3.0,1.0,6.0,130.0,350.0,196.8
722.0,2.0,0.0,2.0,1.0,1.0,43.33333333333333,116.66666666666666,67.66666666666666
722.0,3.0,0.0,3.0,1.0,2.0,65.0,175.0,101.5
722.0,4.0,0.0,4.0,1.0,3.0,86.66666666666666,233.33333333333331,135.33333333333331
722.0,5.0,0.0,5.0,1.0,4.0,108.33333333333334,291.6666666666667,169.16666666666669
722.0,6.0,0.0,6.0,1.0,5.0,130.0,350.0,203.0
