jobType,workerCount,maleCount,femaleCount,ageLt40Count,ageGte40Count,minSalary,maxSalary,meanSalary
813.0,3.0,2.0,1.0,3.0,0.0,100.0,200.0,161.7
813.0,1.0,1.0,0.0,0.0,1.0,0.0,0.0,0.0
813.0,4.0,3.0,1.0,3.0,1.0,100.0,400.0,221.2
813.0,2.0,2.0,0.0,1.0,1.0,66.66666666666666,133.33333333333331,107.33333333333333
813.0,3.0,3.0,0.0,2.0,1.0,100.0,200.0,161.0
