jobType,workerCount,maleCount,femaleCount,ageLt40Count,ageGte40Count,minSalary,maxSalary,meanSalary
817.0,3.0,3.0,0.0,3.0,0.0,170.0,250.0,223.3
817.0,2.0,2.0,0.0,0.0,2.0,300.0,300.0,300.0
817.0,5.0,5.0,0.0,3.0,2.0,170.0,300.0,254.0
817.0,3.0,3.0,0.0,1.0,2.0,213.33333333333334,266.6666666666667,248.66666666666669
817.0,4.0,4.0,0.0,2.0,2.0,170.0,250.0,223.0
817.0,4.0,4.0,0.0,3.0,1.0,300.0,300.0,300.0
