jobType,workerCount,maleCount,femaleCount,ageLt40Count,ageGte40Count,minSalary,maxSalary,meanSalary
841.0,1.0,1.0,0.0,1.0,0.0,0.0,0.0,0.0
841.0,3.0,3.0,0.0,0.0,3.0,375.0,575.0,497.3
841.0,4.0,4.0,0.0,1.0,3.0,375.0,575.0,495.5
841.0,2.0,2.0,0.0,1.0,1.0,250.0,383.3333333333333,331.3333333333333
841.0,3.0,2.0,1.0,1.0,2.0,375.0,575.0,497.0
