jobType,workerCount,maleCount,femaleCount,ageLt40Count,ageGte40Count,minSalary,maxSalary,meanSalary
112.0,3.0,3.0,0.0,3.0,0.0,170.0,250.0,198.3
112.0,1.0,1.0,0.0,0.0,1.0,0.0,0.0,0.0
112.0,4.0,4.0,0.0,3.0,1.0,170.0,250.0,198.3
112.0,2.0,2.0,0.0,1.0,1.0,113.33333333333333,166.66666666666666,132.0
112.0,3.0,3.0,0.0,2.0,1.0,170.0,250.0,198.0
