jobType,workerCount,maleCount,femaleCount,ageLt40Count,ageGte40Count,minSalary,maxSalary,meanSalary
135.0,5.0,4.0,1.0,5.0,0.0,137.0,250.0,213.4
135.0,1.0,1.0,0.0,0.0,1.0,0.0,0.0,0.0
135.0,6.0,5.0,1.0,5.0,1.0,137.0,250.0,213.4
135.0,2.0,2.0,0.0,1.0,1.0,54.800000000000004,100.0,85.2
135.0,3.0,3.0,0.0,2.0,1.0,82.2,150.0,127.8
135.0,4.0,4.0,0.0,3.0,1.0,109.60000000000001,200.0,170.4
135.0,5.0,5.0,0.0,4.0,1.0,137.0,250.0,213.0
