jobType,workerCount,maleCount,femaleCount,ageLt40Count,ageGte40Count,minSalary,maxSalary,meanSalary
144.0,5.0,0.0,5.0,5.0,0.0,59.0,250.0,127.8
144.0,1.0,1.0,0.0,0.0,1.0,0.0,0.0,0.0
144.0,6.0,1.0,5.0,5.0,1.0,59.0,250.0,127.8
144.0,2.0,1.0,1.0,1.0,1.0,23.6,100.0,50.800000000000004
144.0,3.0,1.0,2.0,2.0,1.0,35.4,150.0,76.2
144.0,4.0,1.0,3.0,3.0,1.0,47.2,200.0,101.60000000000001
144.0,5.0,1.0,4.0,4.0,1.0,59.0,250.0,127.0
