jobType,workerCount,maleCount,femaleCount,ageLt40Count,ageGte40Count,minSalary,maxSalary,meanSalary
184.0,5.0,5.0,0.0,5.0,0.0,40.0,250.0,174.5
184.0,1.0,1.0,0.0,0.0,1.0,0.0,0.0,0.0
184.0,6.0,6.0,0.0,5.0,1.0,40.0,550.0,249.6
184.0,2.0,2.0,0.0,1.0,1.0,16.0,100.0,69.60000000000001
184.0,3.0,3.0,0.0,2.0,1.0,24.0,150.0,104.39999999999999
184.0,4.0,4.0,0.0,3.0,1.0,32.0,200.0,139.20000000000002
184.0,5.0,5.0,0.0,4.0,1.0,40.0,250.0,174.0
