jobType,workerCount,maleCount,femaleCount,ageLt40Count,ageGte40Count,minSalary,maxSalary,meanSalary
236.0,3.0,3.0,0.0,3.0,0.0,200.0,350.0,253.3
236.0,4.0,4.0,0.0,0.0,4.0,120.0,170.0,143.3
236.0,7.0,7.0,0.0,3.0,4.0,120.0,350.0,198.3
236.0,5.0,5.0,0.0,1.0,4.0,173.33333333333331,290.0,216.63333333333333
236.0,6.0,6.0,0.0,2.0,4.0,200.0,350.0,253.3
236.0,4.0,4.0,0.0,3.0,1.0,160.0,260.0,198.15
236.0,5.0,5.0,0.0,3.0,2.0,140.0,215.0,170.575
236.0,6.0,6.0,0.0,3.0,3.0,120.0,170.0,143.0
