jobType,workerCount,maleCount,femaleCount,ageLt40Count,ageGte40Count,minSalary,maxSalary,meanSalary
24.0,1.0,1.0,0.0,1.0,0.0,0.0,0.0,0.0
24.0,3.0,3.0,0.0,0.0,3.0,100.0,400.0,283.3
24.0,4.0,4.0,0.0,1.0,3.0,100.0,400.0,262.5
24.0,2.0,2.0,0.0,1.0,1.0,66.66666666666666,266.66666666666663,188.66666666666666
24.0,3.0,2.0,1.0,1.0,2.0,100.0,400.0,283.0
