jobType,workerCount,maleCount,femaleCount,ageLt40Count,ageGte40Count,minSalary,maxSalary,meanSalary
413.0,1.0,0.0,1.0,1.0,0.0,0.0,0.0,0.0
413.0,7.0,2.0,5.0,0.0,7.0,80.0,100.0,90.0
413.0,8.0,2.0,6.0,1.0,7.0,80.0,100.0,93.3
413.0,2.0,0.0,2.0,1.0,1.0,22.857142857142854,28.57142857142857,25.71428571428571
413.0,3.0,0.0,3.0,1.0,2.0,34.285714285714285,42.857142857142854,38.57142857142857
413.0,4.0,0.0,4.0,1.0,3.0,45.71428571428571,57.14285714285714,51.42857142857142
413.0,5.0,0.0,5.0,1.0,4.0,57.142857142857146,71.42857142857143,64.28571428571429
413.0,6.0,0.0,6.0,1.0,5.0,68.57142857142857,85.71428571428571,77.14285714285714
413.0,7.0,0.0,7.0,1.0,6.0,80.0,100.0,90.0
