jobType,workerCount,maleCount,femaleCount,ageLt40Count,ageGte40Count,minSalary,maxSalary,meanSalary
722.0,1.0,0.0,1.0,1.0,0.0,0.0,0.0,0.0
722.0,6.0,4.0,2.0,0.0,6.0,65.0,190.0,106.7
722.0,7.0,4.0,3.0,1.0,6.0,60.0,190.0,95.0
722.0,2.0,0.0,2.0,1.0,1.0,21.666666666666664,63.33333333333333,35.33333333333333
722.0,3.0,0.0,3.0,1.0,2.0,32.5,95.0,53.0
722.0,4.0,0.0,4.0,1.0,3.0,43.33333333333333,126.66666666666666,70.66666666666666
722.0,5.0,0.0,5.0,1.0,4.0,54.16666666666667,158.33333333333334,88.33333333333334
722.0,6.0,0.0,6.0,1.0,5.0,65.0,190.0,106.0
