jobType,workerCount,maleCount,femaleCount,ageLt40Count,ageGte40Count,minSalary,maxSalary,meanSalary
813.0,3.0,3.0,0.0,3.0,0.0,100.0,270.0,173.3
813.0,4.0,3.0,1.0,0.0,4.0,80.0,180.0,130.0
813.0,7.0,6.0,1.0,3.0,4.0,80.0,270.0,148.6
813.0,5.0,4.0,1.0,1.0,4.0,93.33333333333333,240.0,158.66666666666666
813.0,6.0,5.0,1.0,2.0,4.0,100.0,270.0,173.0
813.0,4.0,4.0,0.0,3.0,1.0,90.0,225.0,151.65
813.0,5.0,5.0,0.0,3.0,2.0,85.0,202.5,140.825
813.0,6.0,6.0,0.0,3.0,3.0,80.0,180.0,130.0
