jobType,workerCount,maleCount,femaleCount,ageLt40Count,ageGte40Count,minSalary,maxSalary,meanSalary
111.0,3.0,3.0,0.0,3.0,0.0,270.0,520.0,406.7
111.0,1.0,1.0,0.0,0.0,1.0,0.0,0.0,0.0
111.0,4.0,4.0,0.0,3.0,1.0,270.0,625.0,461.2
111.0,2.0,2.0,0.0,1.0,1.0,180.0,346.66666666666663,270.66666666666663
111.0,3.0,3.0,0.0,2.0,1.0,270.0,520.0,406.0
