jobType,workerCount,maleCount,femaleCount,ageLt40Count,ageGte40Count,minSalary,maxSalary,meanSalary
113.0,1.0,1.0,0.0,1.0,0.0,0.0,0.0,0.0
113.0,3.0,3.0,0.0,0.0,3.0,147.0,1000.0,515.7
113.0,4.0,4.0,0.0,1.0,3.0,147.0,1000.0,476.8
113.0,2.0,2.0,0.0,1.0,1.0,98.0,666.6666666666666,343.3333333333333
113.0,3.0,2.0,1.0,1.0,2.0,147.0,1000.0,515.0
