jobType,workerCount,maleCount,femaleCount,ageLt40Count,ageGte40Count,minSalary,maxSalary,meanSalary
212.0,1.0,0.0,1.0,1.0,0.0,0.0,0.0,0.0
212.0,7.0,2.0,5.0,0.0,7.0,100.0,570.0,316.7
212.0,8.0,2.0,6.0,1.0,7.0,100.0,570.0,316.7
212.0,2.0,0.0,2.0,1.0,1.0,28.57142857142857,162.85714285714286,90.28571428571428
212.0,3.0,0.0,3.0,1.0,2.0,42.857142857142854,244.28571428571428,135.42857142857142
212.0,4.0,0.0,4.0,1.0,3.0,57.14285714285714,325.7142857142857,180.57142857142856
212.0,5.0,0.0,5.0,1.0,4.0,71.42857142857143,407.14285714285717,225.71428571428572
212.0,6.0,0.0,6.0,1.0,5.0,85.71428571428571,488.57142857142856,270.85714285714283
212.0,7.0,0.0,7.0,1.0,6.0,100.0,570.0,316.0
