jobType,workerCount,maleCount,femaleCount,ageLt40Count,ageGte40Count,minSalary,maxSalary,meanSalary
232.0,1.0,0.0,1.0,1.0,0.0,0.0,0.0,0.0
232.0,3.0,3.0,0.0,0.0,3.0,395.0,670.0,521.7
232.0,4.0,3.0,1.0,1.0,3.0,395.0,670.0,491.2
232.0,2.0,0.0,2.0,1.0,1.0,263.3333333333333,446.66666666666663,347.3333333333333
232.0,3.0,0.0,3.0,1.0,2.0,395.0,670.0,521.0
