jobType,workerCount,maleCount,femaleCount,ageLt40Count,ageGte40Count,minSalary,maxSalary,meanSalary
281.0,3.0,3.0,0.0,3.0,0.0,0.0,0.0,0.0
281.0,4.0,4.0,0.0,0.0,4.0,10.0,244.0,127.0
281.0,7.0,7.0,0.0,3.0,4.0,10.0,244.0,127.0
281.0,5.0,5.0,0.0,1.0,4.0,3.333333333333334,81.33333333333334,42.33333333333334
281.0,6.0,6.0,0.0,2.0,4.0,0.0,0.0,0.0
281.0,4.0,4.0,0.0,3.0,1.0,5.0,122.0,63.5
281.0,5.0,5.0,0.0,3.0,2.0,7.5,183.0,95.25
281.0,6.0,6.0,0.0,3.0,3.0,10.0,244.0,127.0
