jobType,workerCount,maleCount,femaleCount,ageLt40Count,ageGte40Count,minSalary,maxSalary,meanSalary
814.0,3.0,2.0,1.0,3.0,0.0,145.0,250.0,197.5
814.0,3.0,3.0,0.0,0.0,3.0,210.0,400.0,303.3
814.0,6.0,5.0,1.0,3.0,3.0,145.0,400.0,261.0
814.0,4.0,4.0,0.0,1.0,3.0,166.66666666666669,300.0,232.63333333333335
814.0,5.0,5.0,0.0,2.0,3.0,145.0,250.0,197.3
814.0,4.0,3.0,1.0,3.0,1.0,188.33333333333331,350.0,267.8333333333333
814.0,5.0,4.0,1.0,3.0,2.0,210.0,400.0,303.0
