jobType,workerCount,maleCount,femaleCount,ageLt40Count,ageGte40Count,minSalary,maxSalary,meanSalary
828.0,5.0,5.0,0.0,5.0,0.0,232.0,450.0,320.4
828.0,2.0,2.0,0.0,0.0,2.0,0.0,0.0,0.0
828.0,7.0,7.0,0.0,5.0,2.0,232.0,950.0,425.3
828.0,3.0,3.0,0.0,1.0,2.0,92.80000000000001,180.0,128.0
828.0,4.0,4.0,0.0,2.0,2.0,139.2,270.0,192.0
828.0,5.0,5.0,0.0,3.0,2.0,185.60000000000002,360.0,256.0
828.0,6.0,6.0,0.0,4.0,2.0,232.0,450.0,320.0
828.0,6.0,6.0,0.0,5.0,1.0,0.0,0.0,0.0
