jobType,workerCount,maleCount,femaleCount,ageLt40Count,ageGte40Count,minSalary,maxSalary,meanSalary
841.0,3.0,3.0,0.0,3.0,0.0,290.0,500.0,380.0
841.0,5.0,5.0,0.0,0.0,5.0,530.0,850.0,634.2
841.0,8.0,8.0,0.0,3.0,5.0,290.0,850.0,538.9
841.0,6.0,6.0,0.0,1.0,5.0,370.0,616.6666666666667,464.86666666666673
841.0,7.0,7.0,0.0,2.0,5.0,290.0,500.0,380.20000000000005
841.0,4.0,4.0,0.0,3.0,1.0,386.0,640.0,481.6
841.0,5.0,5.0,0.0,3.0,2.0,434.0,710.0,532.4
841.0,6.0,6.0,0.0,3.0,3.0,482.0,780.0,583.2
841.0,7.0,6.0,1.0,3.0,4.0,530.0,850.0,634.0
