jobType,workerCount,maleCount,femaleCount,ageLt40Count,ageGte40Count,minSalary,maxSalary,meanSalary
162.0,1.0,1.0,0.0,1.0,0.0,0.0,0.0,0.0
162.0,6.0,5.0,1.0,0.0,6.0,300.0,700.0,500.0
162.0,7.0,6.0,1.0,1.0,6.0,300.0,700.0,500.0
162.0,2.0,2.0,0.0,1.0,1.0,100.0,233.33333333333331,166.66666666666666
162.0,3.0,3.0,0.0,1.0,2.0,150.0,350.0,250.0
162.0,4.0,4.0,0.0,1.0,3.0,200.0,466.66666666666663,333.3333333333333
162.0,5.0,5.0,0.0,1.0,4.0,250.0,583.3333333333334,416.6666666666667
162.0,6.0,6.0,0.0,1.0,5.0,300.0,700.0,500.0
