jobType,workerCount,maleCount,femaleCount,ageLt40Count,ageGte40Count,minSalary,maxSalary,meanSalary
171.0,1.0,1.0,0.0,1.0,0.0,0.0,0.0,0.0
171.0,6.0,4.0,2.0,0.0,6.0,400.0,650.0,550.0
171.0,7.0,5.0,2.0,1.0,6.0,400.0,650.0,550.0
171.0,2.0,2.0,0.0,1.0,1.0,133.33333333333331,216.66666666666666,183.33333333333331
171.0,3.0,3.0,0.0,1.0,2.0,200.0,325.0,275.0
171.0,4.0,4.0,0.0,1.0,3.0,266.66666666666663,433.3333333333333,366.66666666666663
171.0,5.0,5.0,0.0,1.0,4.0,333.33333333333337,541.6666666666667,458.33333333333337
171.0,6.0,5.0,1.0,1.0,5.0,400.0,650.0,550.0
