jobType,workerCount,maleCount,femaleCount,ageLt40Count,ageGte40Count,minSalary,maxSalary,meanSalary
184.0,4.0,3.0,1.0,4.0,0.0,200.0,430.0,276.7
184.0,3.0,1.0,2.0,0.0,3.0,300.0,400.0,350.0
184.0,7.0,4.0,3.0,4.0,3.0,200.0,430.0,306.0
184.0,4.0,2.0,2.0,1.0,3.0,250.0,415.0,313.0
184.0,5.0,2.0,3.0,2.0,3.0,225.0,422.5,294.5
184.0,6.0,3.0,3.0,3.0,3.0,200.0,430.0,276.0
184.0,5.0,3.0,2.0,4.0,1.0,266.66666666666663,410.0,325.56666666666666
184.0,6.0,4.0,2.0,4.0,2.0,300.0,400.0,350.0
