jobType,workerCount,maleCount,femaleCount,ageLt40Count,ageGte40Count,minSalary,maxSalary,meanSalary
232.0,2.0,1.0,1.0,2.0,0.0,180.0,290.0,235.0
232.0,3.0,3.0,0.0,0.0,3.0,350.0,600.0,450.0
232.0,5.0,4.0,1.0,2.0,3.0,180.0,600.0,364.0
232.0,4.0,4.0,0.0,1.0,3.0,180.0,290.0,235.0
232.0,3.0,2.0,1.0,2.0,1.0,293.3333333333333,496.66666666666663,378.3333333333333
232.0,4.0,2.0,2.0,2.0,2.0,350.0,600.0,450.0
