jobType,workerCount,maleCount,femaleCount,ageLt40Count,ageGte40Count,minSalary,maxSalary,meanSalary
443.0,1.0,1.0,0.0,1.0,0.0,0.0,0.0,0.0
443.0,6.0,4.0,2.0,0.0,6.0,240.0,530.0,375.8
443.0,7.0,5.0,2.0,1.0,6.0,240.0,530.0,361.4
443.0,2.0,2.0,0.0,1.0,1.0,80.0,176.66666666666666,125.0
443.0,3.0,3.0,0.0,1.0,2.0,120.0,265.0,187.5
443.0,4.0,4.0,0.0,1.0,3.0,160.0,353.3333333333333,250.0
443.0,5.0,5.0,0.0,1.0,4.0,200.0,441.6666666666667,312.5
443.0,6.0,5.0,1.0,1.0,5.0,240.0,530.0,375.0
