jobType,workerCount,maleCount,femaleCount,ageLt40Count,ageGte40Count,minSalary,maxSalary,meanSalary
722.0,2.0,1.0,1.0,2.0,0.0,145.0,200.0,172.5
722.0,6.0,5.0,1.0,0.0,6.0,210.0,380.0,295.0
722.0,8.0,6.0,2.0,2.0,6.0,145.0,380.0,233.8
722.0,7.0,6.0,1.0,1.0,6.0,145.0,200.0,172.0
722.0,3.0,2.0,1.0,2.0,1.0,166.66666666666666,260.0,213.33333333333331
722.0,4.0,3.0,1.0,2.0,2.0,177.5,290.0,233.75
722.0,5.0,2.0,3.0,2.0,3.0,188.33333333333331,320.0,254.16666666666666
722.0,6.0,4.0,2.0,2.0,4.0,199.16666666666669,350.0,274.58333333333337
722.0,7.0,2.0,5.0,2.0,5.0,210.0,380.0,295.0
