jobType,workerCount,maleCount,femaleCount,ageLt40Count,ageGte40Count,minSalary,maxSalary,meanSalary
742.0,2.0,2.0,0.0,2.0,0.0,250.0,290.0,270.0
742.0,3.0,1.0,2.0,0.0,3.0,0.0,0.0,0.0
742.0,5.0,3.0,2.0,2.0,3.0,110.0,290.0,216.7
742.0,4.0,2.0,2.0,1.0,3.0,250.0,290.0,270.0
742.0,3.0,3.0,0.0,2.0,1.0,83.33333333333334,96.66666666666669,90.0
742.0,4.0,4.0,0.0,2.0,2.0,0.0,0.0,0.0
