jobType,workerCount,maleCount,femaleCount,ageLt40Count,ageGte40Count,minSalary,maxSalary,meanSalary
817.0,3.0,2.0,1.0,3.0,0.0,250.0,300.0,266.7
817.0,2.0,2.0,0.0,0.0,2.0,240.0,300.0,270.0
817.0,5.0,4.0,1.0,3.0,2.0,240.0,300.0,268.0
817.0,3.0,3.0,0.0,1.0,2.0,246.66666666666666,300.0,267.3333333333333
817.0,4.0,4.0,0.0,2.0,2.0,250.0,300.0,266.0
817.0,4.0,3.0,1.0,3.0,1.0,240.0,300.0,270.0
