jobType,workerCount,maleCount,femaleCount,ageLt40Count,ageGte40Count,minSalary,maxSalary,meanSalary
828.0,1.0,1.0,0.0,1.0,0.0,0.0,0.0,0.0
828.0,3.0,3.0,0.0,0.0,3.0,410.0,420.0,415.0
828.0,4.0,4.0,0.0,1.0,3.0,200.0,420.0,343.3
828.0,2.0,2.0,0.0,1.0,1.0,273.3333333333333,280.0,276.66666666666663
828.0,3.0,2.0,1.0,1.0,2.0,410.0,420.0,415.0
