jobType,workerCount,maleCount,femaleCount,ageLt40Count,ageGte40Count,minSalary,maxSalary,meanSalary
135.0,3.0,3.0,0.0,3.0,0.0,130.0,220.0,171.7
135.0,1.0,1.0,0.0,0.0,1.0,0.0,0.0,0.0
135.0,4.0,4.0,0.0,3.0,1.0,130.0,220.0,171.7
135.0,2.0,2.0,0.0,1.0,1.0,86.66666666666666,146.66666666666666,114.0
135.0,3.0,3.0,0.0,2.0,1.0,130.0,220.0,171.0
