jobType,workerCount,maleCount,femaleCount,ageLt40Count,ageGte40Count,minSalary,maxSalary,meanSalary
142.0,4.0,0.0,4.0,4.0,0.0,110.0,150.0,130.0
142.0,3.0,0.0,3.0,0.0,3.0,0.0,0.0,0.0
142.0,7.0,0.0,7.0,4.0,3.0,110.0,230.0,163.3
142.0,4.0,0.0,4.0,1.0,3.0,55.0,75.0,65.0
142.0,5.0,0.0,5.0,2.0,3.0,82.5,112.5,97.5
142.0,6.0,0.0,6.0,3.0,3.0,110.0,150.0,130.0
142.0,5.0,0.0,5.0,4.0,1.0,36.66666666666667,50.0,43.33333333333334
142.0,6.0,0.0,6.0,4.0,2.0,0.0,0.0,0.0
