jobType,workerCount,maleCount,femaleCount,ageLt40Count,ageGte40Count,minSalary,maxSalary,meanSalary
253.0,3.0,3.0,0.0,3.0,0.0,80.0,100.0,93.3
253.0,1.0,1.0,0.0,0.0,1.0,0.0,0.0,0.0
253.0,4.0,4.0,0.0,3.0,1.0,80.0,100.0,93.8
253.0,2.0,2.0,0.0,1.0,1.0,53.33333333333333,66.66666666666666,62.0
253.0,3.0,3.0,0.0,2.0,1.0,80.0,100.0,93.0
