jobType,workerCount,maleCount,femaleCount,ageLt40Count,ageGte40Count,minSalary,maxSalary,meanSalary
431.0,3.0,1.0,2.0,3.0,0.0,105.0,160.0,135.0
431.0,3.0,3.0,0.0,0.0,3.0,120.0,230.0,173.3
431.0,6.0,4.0,2.0,3.0,3.0,105.0,230.0,154.2
431.0,4.0,4.0,0.0,1.0,3.0,110.0,183.33333333333334,147.96666666666667
431.0,5.0,4.0,1.0,2.0,3.0,105.0,160.0,135.3
431.0,4.0,2.0,2.0,3.0,1.0,115.0,206.66666666666666,160.33333333333334
431.0,5.0,2.0,3.0,3.0,2.0,120.0,230.0,173.0
