jobType,workerCount,maleCount,femaleCount,ageLt40Count,ageGte40Count,minSalary,maxSalary,meanSalary
521.0,5.0,1.0,4.0,5.0,0.0,50.0,100.0,73.5
521.0,1.0,0.0,1.0,0.0,1.0,0.0,0.0,0.0
521.0,6.0,1.0,5.0,5.0,1.0,50.0,100.0,73.5
521.0,2.0,0.0,2.0,1.0,1.0,20.0,40.0,29.200000000000003
521.0,3.0,0.0,3.0,2.0,1.0,30.0,60.0,43.8
521.0,4.0,0.0,4.0,3.0,1.0,40.0,80.0,58.400000000000006
521.0,5.0,0.0,5.0,4.0,1.0,50.0,100.0,73.0
