jobType,workerCount,maleCount,femaleCount,ageLt40Count,ageGte40Count,minSalary,maxSalary,meanSalary
530.0,3.0,0.0,3.0,3.0,0.0,50.0,150.0,100.0
530.0,1.0,0.0,1.0,0.0,1.0,0.0,0.0,0.0
530.0,4.0,0.0,4.0,3.0,1.0,45.0,150.0,81.7
530.0,2.0,0.0,2.0,1.0,1.0,33.33333333333333,100.0,66.66666666666666
530.0,3.0,0.0,3.0,2.0,1.0,50.0,150.0,100.0
