jobType,workerCount,maleCount,femaleCount,ageLt40Count,ageGte40Count,minSalary,maxSalary,meanSalary
711.0,2.0,2.0,0.0,2.0,0.0,0.0,0.0,0.0
711.0,6.0,6.0,0.0,0.0,6.0,87.0,150.0,125.7
711.0,8.0,8.0,0.0,2.0,6.0,87.0,150.0,131.8
711.0,7.0,7.0,0.0,1.0,6.0,0.0,0.0,0.7000000000000028
711.0,3.0,3.0,0.0,2.0,1.0,29.0,50.0,41.666666666666664
711.0,4.0,4.0,0.0,2.0,2.0,43.5,75.0,62.5
711.0,5.0,4.0,1.0,2.0,3.0,58.0,100.0,83.33333333333333
711.0,6.0,4.0,2.0,2.0,4.0,72.5,125.0,104.16666666666667
711.0,7.0,4.0,3.0,2.0,5.0,87.0,150.0,125.0
