jobType,workerCount,maleCount,femaleCount,ageLt40Count,ageGte40Count,minSalary,maxSalary,meanSalary
722.0,1.0,0.0,1.0,1.0,0.0,0.0,0.0,0.0
722.0,7.0,5.0,2.0,0.0,7.0,50.0,120.0,78.2
722.0,8.0,5.0,3.0,1.0,7.0,50.0,120.0,73.5
722.0,2.0,0.0,2.0,1.0,1.0,14.285714285714285,34.285714285714285,22.285714285714285
722.0,3.0,0.0,3.0,1.0,2.0,21.428571428571427,51.42857142857142,33.42857142857142
722.0,4.0,0.0,4.0,1.0,3.0,28.57142857142857,68.57142857142857,44.57142857142857
722.0,5.0,0.0,5.0,1.0,4.0,35.714285714285715,85.71428571428572,55.714285714285715
722.0,6.0,0.0,6.0,1.0,5.0,42.857142857142854,102.85714285714285,66.85714285714285
722.0,7.0,0.0,7.0,1.0,6.0,50.0,120.0,78.0
