jobType,workerCount,maleCount,femaleCount,ageLt40Count,ageGte40Count,minSalary,maxSalary,meanSalary
742.0,2.0,2.0,0.0,2.0,0.0,0.0,0.0,0.0
742.0,5.0,2.0,3.0,0.0,5.0,50.0,200.0,96.2
742.0,7.0,4.0,3.0,2.0,5.0,50.0,200.0,97.0
742.0,6.0,3.0,3.0,1.0,5.0,0.0,0.0,0.20000000000000284
742.0,3.0,3.0,0.0,2.0,1.0,20.0,80.0,38.400000000000006
742.0,4.0,4.0,0.0,2.0,2.0,30.0,120.0,57.599999999999994
742.0,5.0,4.0,1.0,2.0,3.0,40.0,160.0,76.80000000000001
742.0,6.0,4.0,2.0,2.0,4.0,50.0,200.0,96.0
