jobType,workerCount,maleCount,femaleCount,ageLt40Count,ageGte40Count,minSalary,maxSalary,meanSalary
744.0,5.0,5.0,0.0,5.0,0.0,75.0,130.0,102.5
744.0,3.0,2.0,1.0,0.0,3.0,0.0,0.0,0.0
744.0,8.0,7.0,1.0,5.0,3.0,75.0,130.0,102.5
744.0,4.0,3.0,1.0,1.0,3.0,30.0,52.0,40.800000000000004
744.0,5.0,4.0,1.0,2.0,3.0,45.0,78.0,61.199999999999996
744.0,6.0,5.0,1.0,3.0,3.0,60.0,104.0,81.60000000000001
744.0,7.0,6.0,1.0,4.0,3.0,75.0,130.0,102.0
744.0,6.0,6.0,0.0,5.0,1.0,25.0,43.33333333333334,34.16666666666667
744.0,7.0,7.0,0.0,5.0,2.0,0.0,0.0,0.0
