jobType,workerCount,maleCount,femaleCount,ageLt40Count,ageGte40Count,minSalary,maxSalary,meanSalary
815.0,6.0,6.0,0.0,6.0,0.0,70.0,350.0,229.2
815.0,2.0,2.0,0.0,0.0,2.0,0.0,0.0,0.0
815.0,8.0,8.0,0.0,6.0,2.0,70.0,350.0,217.9
815.0,3.0,3.0,0.0,1.0,2.0,23.333333333333332,116.66666666666666,76.33333333333333
815.0,4.0,4.0,0.0,2.0,2.0,35.0,175.0,114.5
815.0,5.0,5.0,0.0,3.0,2.0,46.666666666666664,233.33333333333331,152.66666666666666
815.0,6.0,6.0,0.0,4.0,2.0,58.333333333333336,291.6666666666667,190.83333333333334
815.0,7.0,7.0,0.0,5.0,2.0,70.0,350.0,229.0
815.0,7.0,7.0,0.0,6.0,1.0,0.0,0.0,0.0
