jobType,workerCount,maleCount,femaleCount,ageLt40Count,ageGte40Count,minSalary,maxSalary,meanSalary
833.0,2.0,1.0,1.0,2.0,0.0,50.0,100.0,75.0
833.0,3.0,2.0,1.0,0.0,3.0,100.0,170.0,135.0
833.0,5.0,3.0,2.0,2.0,3.0,50.0,170.0,105.0
833.0,4.0,3.0,1.0,1.0,3.0,50.0,100.0,75.0
833.0,3.0,1.0,2.0,2.0,1.0,83.33333333333333,146.66666666666666,115.0
833.0,4.0,2.0,2.0,2.0,2.0,100.0,170.0,135.0
