jobType,workerCount,maleCount,femaleCount,ageLt40Count,ageGte40Count,minSalary,maxSalary,meanSalary
-1.0,1.0,1.0,0.0,1.0,0.0,0.0,0.0,0.0
-1.0,3.0,2.0,1.0,0.0,3.0,150.0,350.0,250.0
-1.0,4.0,3.0,1.0,1.0,3.0,150.0,450.0,300.0
-1.0,2.0,2.0,0.0,1.0,1.0,100.0,233.33333333333331,166.66666666666666
-1.0,3.0,3.0,0.0,1.0,2.0,150.0,350.0,250.0
