jobType,workerCount,maleCount,femaleCount,ageLt40Count,ageGte40Count,minSalary,maxSalary,meanSalary
162.0,1.0,1.0,0.0,1.0,0.0,0.0,0.0,0.0
162.0,7.0,6.0,1.0,0.0,7.0,240.0,540.0,390.0
162.0,8.0,7.0,1.0,1.0,7.0,240.0,540.0,390.0
162.0,2.0,2.0,0.0,1.0,1.0,68.57142857142857,154.28571428571428,111.42857142857142
162.0,3.0,3.0,0.0,1.0,2.0,102.85714285714285,231.42857142857142,167.14285714285714
162.0,4.0,4.0,0.0,1.0,3.0,137.14285714285714,308.57142857142856,222.85714285714283
162.0,5.0,5.0,0.0,1.0,4.0,171.42857142857144,385.7142857142857,278.57142857142856
162.0,6.0,6.0,0.0,1.0,5.0,205.7142857142857,462.85714285714283,334.2857142857143
162.0,7.0,7.0,0.0,1.0,6.0,240.0,540.0,390.0
