jobType,workerCount,maleCount,femaleCount,ageLt40Count,ageGte40Count,minSalary,maxSalary,meanSalary
171.0,3.0,0.0,3.0,3.0,0.0,500.0,540.0,520.0
171.0,4.0,4.0,0.0,0.0,4.0,420.0,500.0,460.0
171.0,7.0,4.0,3.0,3.0,4.0,420.0,540.0,490.0
171.0,5.0,4.0,1.0,1.0,4.0,473.3333333333333,526.6666666666666,500.0
171.0,6.0,4.0,2.0,2.0,4.0,500.0,540.0,520.0
171.0,4.0,0.0,4.0,3.0,1.0,460.0,520.0,490.0
171.0,5.0,0.0,5.0,3.0,2.0,440.0,510.0,475.0
171.0,6.0,0.0,6.0,3.0,3.0,420.0,500.0,460.0
