jobType,workerCount,maleCount,femaleCount,ageLt40Count,ageGte40Count,minSalary,maxSalary,meanSalary
184.0,3.0,3.0,0.0,3.0,0.0,172.0,250.0,211.0
184.0,2.0,2.0,0.0,0.0,2.0,0.0,0.0,0.0
184.0,5.0,5.0,0.0,3.0,2.0,172.0,400.0,274.0
184.0,3.0,3.0,0.0,1.0,2.0,114.66666666666666,166.66666666666666,140.66666666666666
184.0,4.0,4.0,0.0,2.0,2.0,172.0,250.0,211.0
184.0,4.0,4.0,0.0,3.0,1.0,0.0,0.0,0.0
