jobType,workerCount,maleCount,femaleCount,ageLt40Count,ageGte40Count,minSalary,maxSalary,meanSalary
231.0,1.0,1.0,0.0,1.0,0.0,0.0,0.0,0.0
231.0,3.0,3.0,0.0,0.0,3.0,300.0,350.0,326.7
231.0,4.0,4.0,0.0,1.0,3.0,300.0,400.0,345.0
231.0,2.0,2.0,0.0,1.0,1.0,200.0,233.33333333333331,217.33333333333331
231.0,3.0,2.0,1.0,1.0,2.0,300.0,350.0,326.0
