jobType,workerCount,maleCount,femaleCount,ageLt40Count,ageGte40Count,minSalary,maxSalary,meanSalary
232.0,1.0,1.0,0.0,1.0,0.0,0.0,0.0,0.0
232.0,3.0,3.0,0.0,0.0,3.0,310.0,550.0,413.3
232.0,4.0,4.0,0.0,1.0,3.0,99.0,550.0,334.8
232.0,2.0,2.0,0.0,1.0,1.0,206.66666666666666,366.66666666666663,275.3333333333333
232.0,3.0,2.0,1.0,1.0,2.0,310.0,550.0,413.0
