jobType,workerCount,maleCount,femaleCount,ageLt40Count,ageGte40Count,minSalary,maxSalary,meanSalary
236.0,1.0,1.0,0.0,1.0,0.0,0.0,0.0,0.0
236.0,7.0,7.0,0.0,0.0,7.0,250.0,1000.0,502.9
236.0,8.0,8.0,0.0,1.0,7.0,250.0,1000.0,471.2
236.0,2.0,2.0,0.0,1.0,1.0,71.42857142857143,285.7142857142857,143.42857142857142
236.0,3.0,2.0,1.0,1.0,2.0,107.14285714285714,428.57142857142856,215.14285714285714
236.0,4.0,2.0,2.0,1.0,3.0,142.85714285714286,571.4285714285714,286.85714285714283
236.0,5.0,2.0,3.0,1.0,4.0,178.57142857142858,714.2857142857143,358.57142857142856
236.0,6.0,2.0,4.0,1.0,5.0,214.28571428571428,857.1428571428571,430.2857142857143
236.0,7.0,2.0,5.0,1.0,6.0,250.0,1000.0,502.0
