jobType,workerCount,maleCount,femaleCount,ageLt40Count,ageGte40Count,minSalary,maxSalary,meanSalary
253.0,2.0,0.0,2.0,2.0,0.0,0.0,0.0,0.0
253.0,3.0,2.0,1.0,0.0,3.0,30.0,225.0,148.3
253.0,5.0,2.0,3.0,2.0,3.0,30.0,225.0,123.2
253.0,4.0,2.0,2.0,1.0,3.0,0.0,0.0,0.30000000000001137
253.0,3.0,0.0,3.0,2.0,1.0,20.0,150.0,98.66666666666666
253.0,4.0,0.0,4.0,2.0,2.0,30.0,225.0,148.0
