jobType,workerCount,maleCount,femaleCount,ageLt40Count,ageGte40Count,minSalary,maxSalary,meanSalary
291.0,3.0,0.0,3.0,3.0,0.0,128.0,230.0,186.0
291.0,2.0,1.0,1.0,0.0,2.0,300.0,320.0,310.0
291.0,5.0,1.0,4.0,3.0,2.0,128.0,320.0,235.6
291.0,3.0,1.0,2.0,1.0,2.0,185.33333333333334,260.0,227.33333333333334
291.0,4.0,1.0,3.0,2.0,2.0,128.0,230.0,186.0
291.0,4.0,0.0,4.0,3.0,1.0,300.0,320.0,310.0
