jobType,workerCount,maleCount,femaleCount,ageLt40Count,ageGte40Count,minSalary,maxSalary,meanSalary
742.0,4.0,3.0,1.0,4.0,0.0,110.0,320.0,208.8
742.0,3.0,2.0,1.0,0.0,3.0,0.0,0.0,0.0
742.0,7.0,5.0,2.0,4.0,3.0,110.0,320.0,208.8
742.0,4.0,3.0,1.0,1.0,3.0,55.0,160.0,104.0
742.0,5.0,3.0,2.0,2.0,3.0,82.5,240.0,156.0
742.0,6.0,4.0,2.0,3.0,3.0,110.0,320.0,208.0
742.0,5.0,3.0,2.0,4.0,1.0,36.66666666666667,106.66666666666669,69.60000000000002
742.0,6.0,5.0,1.0,4.0,2.0,0.0,0.0,0.0
