jobType,workerCount,maleCount,femaleCount,ageLt40Count,ageGte40Count,minSalary,maxSalary,meanSalary
162.0,3.0,3.0,0.0,3.0,0.0,250.0,600.0,425.0
162.0,4.0,3.0,1.0,0.0,4.0,0.0,0.0,0.0
162.0,7.0,6.0,1.0,3.0,4.0,200.0,600.0,350.0
162.0,5.0,4.0,1.0,1.0,4.0,166.66666666666666,400.0,283.3333333333333
162.0,6.0,5.0,1.0,2.0,4.0,250.0,600.0,425.0
162.0,4.0,4.0,0.0,3.0,1.0,125.0,300.0,212.5
162.0,5.0,5.0,0.0,3.0,2.0,62.5,150.0,106.25
162.0,6.0,6.0,0.0,3.0,3.0,0.0,0.0,0.0
