jobType,workerCount,maleCount,femaleCount,ageLt40Count,ageGte40Count,minSalary,maxSalary,meanSalary
171.0,3.0,1.0,2.0,3.0,0.0,0.0,0.0,0.0
171.0,4.0,4.0,0.0,0.0,4.0,339.0,1300.0,683.0
171.0,7.0,5.0,2.0,3.0,4.0,339.0,1300.0,637.2
171.0,5.0,5.0,0.0,1.0,4.0,113.0,433.33333333333337,227.66666666666669
171.0,6.0,5.0,1.0,2.0,4.0,0.0,0.0,0.0
171.0,4.0,2.0,2.0,3.0,1.0,169.5,650.0,341.5
171.0,5.0,2.0,3.0,3.0,2.0,254.25,975.0,512.25
171.0,6.0,2.0,4.0,3.0,3.0,339.0,1300.0,683.0
