jobType,workerCount,maleCount,femaleCount,ageLt40Count,ageGte40Count,minSalary,maxSalary,meanSalary
172.0,3.0,1.0,2.0,3.0,0.0,140.0,270.0,199.0
172.0,3.0,0.0,3.0,0.0,3.0,105.0,150.0,131.7
172.0,6.0,1.0,5.0,3.0,3.0,105.0,270.0,165.3
172.0,4.0,0.0,4.0,1.0,3.0,128.33333333333334,230.0,177.0333333333333
172.0,5.0,0.0,5.0,2.0,3.0,140.0,270.0,199.7
172.0,4.0,2.0,2.0,3.0,1.0,116.66666666666667,190.0,153.66666666666669
172.0,5.0,2.0,3.0,3.0,2.0,105.0,150.0,131.0
