jobType,workerCount,maleCount,femaleCount,ageLt40Count,ageGte40Count,minSalary,maxSalary,meanSalary
181.0,3.0,0.0,3.0,3.0,0.0,150.0,250.0,200.0
181.0,2.0,1.0,1.0,0.0,2.0,200.0,290.0,245.0
181.0,5.0,1.0,4.0,3.0,2.0,150.0,290.0,218.0
181.0,3.0,1.0,2.0,1.0,2.0,166.66666666666669,263.3333333333333,215.0
181.0,4.0,1.0,3.0,2.0,2.0,150.0,250.0,200.0
181.0,4.0,0.0,4.0,3.0,1.0,200.0,290.0,245.0
