jobType,workerCount,maleCount,femaleCount,ageLt40Count,ageGte40Count,minSalary,maxSalary,meanSalary
233.0,6.0,5.0,1.0,6.0,0.0,200.0,320.0,261.7
233.0,1.0,1.0,0.0,0.0,1.0,0.0,0.0,0.0
233.0,7.0,6.0,1.0,6.0,1.0,200.0,320.0,267.1
233.0,2.0,2.0,0.0,1.0,1.0,66.66666666666666,106.66666666666666,87.0
233.0,3.0,3.0,0.0,2.0,1.0,100.0,160.0,130.5
233.0,4.0,4.0,0.0,3.0,1.0,133.33333333333331,213.33333333333331,174.0
233.0,5.0,5.0,0.0,4.0,1.0,166.66666666666669,266.6666666666667,217.5
233.0,6.0,6.0,0.0,5.0,1.0,200.0,320.0,261.0
