jobType,workerCount,maleCount,femaleCount,ageLt40Count,ageGte40Count,minSalary,maxSalary,meanSalary
272.0,2.0,2.0,0.0,2.0,0.0,0.0,0.0,0.0
272.0,6.0,3.0,3.0,0.0,6.0,80.0,130.0,106.0
272.0,8.0,5.0,3.0,2.0,6.0,80.0,210.0,123.3
272.0,7.0,4.0,3.0,1.0,6.0,0.0,0.0,0.0
272.0,3.0,3.0,0.0,2.0,1.0,26.666666666666664,43.33333333333333,35.33333333333333
272.0,4.0,4.0,0.0,2.0,2.0,40.0,65.0,53.0
272.0,5.0,5.0,0.0,2.0,3.0,53.33333333333333,86.66666666666666,70.66666666666666
272.0,6.0,5.0,1.0,2.0,4.0,66.66666666666667,108.33333333333334,88.33333333333334
272.0,7.0,5.0,2.0,2.0,5.0,80.0,130.0,106.0
