jobType,workerCount,maleCount,femaleCount,ageLt40Count,ageGte40Count,minSalary,maxSalary,meanSalary
431.0,6.0,3.0,3.0,6.0,0.0,210.0,330.0,266.0
431.0,1.0,1.0,0.0,0.0,1.0,0.0,0.0,0.0
431.0,7.0,4.0,3.0,6.0,1.0,210.0,450.0,296.7
431.0,2.0,2.0,0.0,1.0,1.0,70.0,110.0,88.66666666666666
431.0,3.0,3.0,0.0,2.0,1.0,105.0,165.0,133.0
431.0,4.0,4.0,0.0,3.0,1.0,140.0,220.0,177.33333333333331
431.0,5.0,4.0,1.0,4.0,1.0,175.0,275.0,221.66666666666669
431.0,6.0,4.0,2.0,5.0,1.0,210.0,330.0,266.0
