jobType,workerCount,maleCount,femaleCount,ageLt40Count,ageGte40Count,minSalary,maxSalary,meanSalary
711.0,2.0,2.0,0.0,2.0,0.0,0.0,0.0,0.0
711.0,6.0,5.0,1.0,0.0,6.0,150.0,250.0,186.0
711.0,8.0,7.0,1.0,2.0,6.0,150.0,300.0,205.0
711.0,7.0,6.0,1.0,1.0,6.0,0.0,0.0,0.0
711.0,3.0,3.0,0.0,2.0,1.0,50.0,83.33333333333333,62.0
711.0,4.0,4.0,0.0,2.0,2.0,75.0,125.0,93.0
711.0,5.0,5.0,0.0,2.0,3.0,100.0,166.66666666666666,124.0
711.0,6.0,6.0,0.0,2.0,4.0,125.0,208.33333333333334,155.0
711.0,7.0,7.0,0.0,2.0,5.0,150.0,250.0,186.0
