jobType,workerCount,maleCount,femaleCount,ageLt40Count,ageGte40Count,minSalary,maxSalary,meanSalary
828.0,1.0,1.0,0.0,1.0,0.0,0.0,0.0,0.0
828.0,3.0,2.0,1.0,0.0,3.0,160.0,500.0,356.7
828.0,4.0,3.0,1.0,1.0,3.0,160.0,500.0,330.0
828.0,2.0,2.0,0.0,1.0,1.0,106.66666666666666,333.3333333333333,237.33333333333331
828.0,3.0,3.0,0.0,1.0,2.0,160.0,500.0,356.0
