jobType,workerCount,maleCount,femaleCount,ageLt40Count,ageGte40Count,minSalary,maxSalary,meanSalary
134.0,1.0,1.0,0.0,1.0,0.0,0.0,0.0,0.0
134.0,7.0,7.0,0.0,0.0,7.0,180.0,610.0,372.9
134.0,8.0,8.0,0.0,1.0,7.0,180.0,610.0,385.4
134.0,2.0,2.0,0.0,1.0,1.0,51.42857142857142,174.28571428571428,106.28571428571428
134.0,3.0,2.0,1.0,1.0,2.0,77.14285714285714,261.4285714285714,159.42857142857142
134.0,4.0,2.0,2.0,1.0,3.0,102.85714285714285,348.57142857142856,212.57142857142856
134.0,5.0,2.0,3.0,1.0,4.0,128.57142857142858,435.7142857142857,265.7142857142857
134.0,6.0,2.0,4.0,1.0,5.0,154.28571428571428,522.8571428571428,318.85714285714283
134.0,7.0,2.0,5.0,1.0,6.0,180.0,610.0,372.0
