jobType,workerCount,maleCount,femaleCount,ageLt40Count,ageGte40Count,minSalary,maxSalary,meanSalary
211.0,3.0,1.0,2.0,3.0,0.0,219.0,245.0,232.0
211.0,1.0,1.0,0.0,0.0,1.0,0.0,0.0,0.0
211.0,4.0,2.0,2.0,3.0,1.0,219.0,390.0,284.7
211.0,2.0,2.0,0.0,1.0,1.0,146.0,163.33333333333331,154.66666666666666
211.0,3.0,2.0,1.0,2.0,1.0,219.0,245.0,232.0
