jobType,workerCount,maleCount,femaleCount,ageLt40Count,ageGte40Count,minSalary,maxSalary,meanSalary
232.0,1.0,0.0,1.0,1.0,0.0,0.0,0.0,0.0
232.0,3.0,3.0,0.0,0.0,3.0,400.0,650.0,483.3
232.0,4.0,3.0,1.0,1.0,3.0,350.0,650.0,450.0
232.0,2.0,0.0,2.0,1.0,1.0,266.66666666666663,433.3333333333333,322.0
232.0,3.0,0.0,3.0,1.0,2.0,400.0,650.0,483.0
