jobType,workerCount,maleCount,femaleCount,ageLt40Count,ageGte40Count,minSalary,maxSalary,meanSalary
300.0,2.0,2.0,0.0,2.0,0.0,250.0,400.0,325.0
300.0,3.0,1.0,2.0,0.0,3.0,185.0,300.0,245.0
300.0,5.0,3.0,2.0,2.0,3.0,185.0,400.0,277.0
300.0,4.0,2.0,2.0,1.0,3.0,250.0,400.0,325.0
300.0,3.0,3.0,0.0,2.0,1.0,206.66666666666669,333.33333333333337,271.6666666666667
300.0,4.0,4.0,0.0,2.0,2.0,185.0,300.0,245.0
