jobType,workerCount,maleCount,femaleCount,ageLt40Count,ageGte40Count,minSalary,maxSalary,meanSalary
432.0,1.0,0.0,1.0,1.0,0.0,0.0,0.0,0.0
432.0,6.0,1.0,5.0,0.0,6.0,27.0,200.0,97.8
432.0,7.0,1.0,6.0,1.0,6.0,27.0,200.0,111.5
432.0,2.0,0.0,2.0,1.0,1.0,9.0,66.66666666666666,32.33333333333333
432.0,3.0,0.0,3.0,1.0,2.0,13.5,100.0,48.5
432.0,4.0,0.0,4.0,1.0,3.0,18.0,133.33333333333331,64.66666666666666
432.0,5.0,0.0,5.0,1.0,4.0,22.5,166.66666666666669,80.83333333333334
432.0,6.0,0.0,6.0,1.0,5.0,27.0,200.0,97.0
