jobType,workerCount,maleCount,femaleCount,ageLt40Count,ageGte40Count,minSalary,maxSalary,meanSalary
711.0,1.0,1.0,0.0,1.0,0.0,0.0,0.0,0.0
711.0,6.0,4.0,2.0,0.0,6.0,180.0,500.0,345.0
711.0,7.0,5.0,2.0,1.0,6.0,180.0,500.0,340.0
711.0,2.0,2.0,0.0,1.0,1.0,60.0,166.66666666666666,115.0
711.0,3.0,3.0,0.0,1.0,2.0,90.0,250.0,172.5
711.0,4.0,4.0,0.0,1.0,3.0,120.0,333.3333333333333,230.0
711.0,5.0,5.0,0.0,1.0,4.0,150.0,416.6666666666667,287.5
711.0,6.0,5.0,1.0,1.0,5.0,180.0,500.0,345.0
