jobType,workerCount,maleCount,femaleCount,ageLt40Count,ageGte40Count,minSalary,maxSalary,meanSalary
722.0,1.0,1.0,0.0,1.0,0.0,0.0,0.0,0.0
722.0,6.0,3.0,3.0,0.0,6.0,178.0,200.0,188.5
722.0,7.0,4.0,3.0,1.0,6.0,178.0,350.0,220.8
722.0,2.0,2.0,0.0,1.0,1.0,59.33333333333333,66.66666666666666,62.666666666666664
722.0,3.0,3.0,0.0,1.0,2.0,89.0,100.0,94.0
722.0,4.0,4.0,0.0,1.0,3.0,118.66666666666666,133.33333333333331,125.33333333333333
722.0,5.0,4.0,1.0,1.0,4.0,148.33333333333334,166.66666666666669,156.66666666666669
722.0,6.0,4.0,2.0,1.0,5.0,178.0,200.0,188.0
