jobType,workerCount,maleCount,femaleCount,ageLt40Count,ageGte40Count,minSalary,maxSalary,meanSalary
814.0,3.0,3.0,0.0,3.0,0.0,0.0,0.0,0.0
814.0,3.0,3.0,0.0,0.0,3.0,200.0,420.0,306.7
814.0,6.0,6.0,0.0,3.0,3.0,200.0,470.0,347.5
814.0,4.0,4.0,0.0,1.0,3.0,66.66666666666669,140.0,102.69999999999999
814.0,5.0,5.0,0.0,2.0,3.0,0.0,0.0,0.6999999999999886
814.0,4.0,4.0,0.0,3.0,1.0,133.33333333333331,280.0,204.0
814.0,5.0,5.0,0.0,3.0,2.0,200.0,420.0,306.0
