jobType,workerCount,maleCount,femaleCount,ageLt40Count,ageGte40Count,minSalary,maxSalary,meanSalary
828.0,4.0,4.0,0.0,4.0,0.0,235.0,350.0,296.2
828.0,3.0,3.0,0.0,0.0,3.0,200.0,500.0,350.0
828.0,7.0,7.0,0.0,4.0,3.0,200.0,500.0,314.2
828.0,4.0,4.0,0.0,1.0,3.0,217.5,425.0,323.0
828.0,5.0,5.0,0.0,2.0,3.0,226.25,387.5,309.5
828.0,6.0,6.0,0.0,3.0,3.0,235.0,350.0,296.0
828.0,5.0,5.0,0.0,4.0,1.0,211.66666666666666,450.0,332.06666666666666
828.0,6.0,6.0,0.0,4.0,2.0,200.0,500.0,350.0
