jobType,workerCount,maleCount,femaleCount,ageLt40Count,ageGte40Count,minSalary,maxSalary,meanSalary
841.0,2.0,2.0,0.0,2.0,0.0,390.0,420.0,405.0
841.0,6.0,6.0,0.0,0.0,6.0,400.0,900.0,595.0
841.0,8.0,8.0,0.0,2.0,6.0,390.0,900.0,547.5
841.0,7.0,7.0,0.0,1.0,6.0,390.0,420.0,405.0
841.0,3.0,3.0,0.0,2.0,1.0,393.3333333333333,580.0,468.3333333333333
841.0,4.0,4.0,0.0,2.0,2.0,395.0,660.0,500.0
841.0,5.0,4.0,1.0,2.0,3.0,396.6666666666667,740.0,531.6666666666666
841.0,6.0,4.0,2.0,2.0,4.0,398.3333333333333,820.0,563.3333333333334
841.0,7.0,4.0,3.0,2.0,5.0,400.0,900.0,595.0
