jobType,workerCount,maleCount,femaleCount,ageLt40Count,ageGte40Count,minSalary,maxSalary,meanSalary
-1.0,2.0,2.0,0.0,2.0,0.0,210.0,370.0,290.0
-1.0,3.0,2.0,1.0,0.0,3.0,155.0,1000.0,518.3
-1.0,5.0,4.0,1.0,2.0,3.0,155.0,1000.0,427.0
-1.0,4.0,3.0,1.0,1.0,3.0,210.0,370.0,290.29999999999995
-1.0,3.0,3.0,0.0,2.0,1.0,173.33333333333334,790.0,442.0
-1.0,4.0,4.0,0.0,2.0,2.0,155.0,1000.0,518.0
