jobType,workerCount,maleCount,femaleCount,ageLt40Count,ageGte40Count,minSalary,maxSalary,meanSalary
155.0,4.0,1.0,3.0,4.0,0.0,160.0,300.0,220.0
155.0,3.0,1.0,2.0,0.0,3.0,350.0,430.0,396.7
155.0,7.0,2.0,5.0,4.0,3.0,160.0,430.0,295.7
155.0,4.0,1.0,3.0,1.0,3.0,255.0,365.0,308.7
155.0,5.0,1.0,4.0,2.0,3.0,207.5,332.5,264.7
155.0,6.0,2.0,4.0,3.0,3.0,160.0,300.0,220.7
155.0,5.0,1.0,4.0,4.0,1.0,286.66666666666663,386.66666666666663,337.3333333333333
155.0,6.0,1.0,5.0,4.0,2.0,350.0,430.0,396.0
