jobType,workerCount,maleCount,femaleCount,ageLt40Count,ageGte40Count,minSalary,maxSalary,meanSalary
162.0,1.0,1.0,0.0,1.0,0.0,0.0,0.0,0.0
162.0,7.0,6.0,1.0,0.0,7.0,300.0,600.0,450.0
162.0,8.0,7.0,1.0,1.0,7.0,300.0,600.0,450.0
162.0,2.0,2.0,0.0,1.0,1.0,85.71428571428571,171.42857142857142,128.57142857142856
162.0,3.0,3.0,0.0,1.0,2.0,128.57142857142856,257.1428571428571,192.85714285714283
162.0,4.0,4.0,0.0,1.0,3.0,171.42857142857142,342.85714285714283,257.1428571428571
162.0,5.0,5.0,0.0,1.0,4.0,214.28571428571428,428.57142857142856,321.42857142857144
162.0,6.0,6.0,0.0,1.0,5.0,257.1428571428571,514.2857142857142,385.71428571428567
162.0,7.0,7.0,0.0,1.0,6.0,300.0,600.0,450.0
