jobType,workerCount,maleCount,femaleCount,ageLt40Count,ageGte40Count,minSalary,maxSalary,meanSalary
171.0,1.0,1.0,0.0,1.0,0.0,0.0,0.0,0.0
171.0,6.0,4.0,2.0,0.0,6.0,270.0,860.0,532.5
171.0,7.0,5.0,2.0,1.0,6.0,270.0,860.0,532.5
171.0,2.0,2.0,0.0,1.0,1.0,90.0,286.66666666666663,177.33333333333331
171.0,3.0,3.0,0.0,1.0,2.0,135.0,430.0,266.0
171.0,4.0,4.0,0.0,1.0,3.0,180.0,573.3333333333333,354.66666666666663
171.0,5.0,5.0,0.0,1.0,4.0,225.0,716.6666666666667,443.33333333333337
171.0,6.0,5.0,1.0,1.0,5.0,270.0,860.0,532.0
