jobType,workerCount,maleCount,femaleCount,ageLt40Count,ageGte40Count,minSalary,maxSalary,meanSalary
211.0,2.0,2.0,0.0,2.0,0.0,0.0,0.0,0.0
211.0,3.0,2.0,1.0,0.0,3.0,165.0,380.0,265.0
211.0,5.0,4.0,1.0,2.0,3.0,165.0,380.0,256.2
211.0,4.0,3.0,1.0,1.0,3.0,0.0,0.0,0.0
211.0,3.0,3.0,0.0,2.0,1.0,110.0,253.33333333333331,176.66666666666666
211.0,4.0,4.0,0.0,2.0,2.0,165.0,380.0,265.0
