jobType,workerCount,maleCount,femaleCount,ageLt40Count,ageGte40Count,minSalary,maxSalary,meanSalary
212.0,2.0,2.0,0.0,2.0,0.0,150.0,400.0,275.0
212.0,3.0,2.0,1.0,0.0,3.0,140.0,500.0,280.0
212.0,5.0,4.0,1.0,2.0,3.0,140.0,500.0,278.0
212.0,4.0,3.0,1.0,1.0,3.0,150.0,400.0,275.0
212.0,3.0,3.0,0.0,2.0,1.0,143.33333333333334,466.66666666666663,278.3333333333333
212.0,4.0,4.0,0.0,2.0,2.0,140.0,500.0,280.0
