jobType,workerCount,maleCount,femaleCount,ageLt40Count,ageGte40Count,minSalary,maxSalary,meanSalary
232.0,4.0,3.0,1.0,4.0,0.0,220.0,458.0,307.0
232.0,3.0,3.0,0.0,0.0,3.0,450.0,540.0,485.0
232.0,7.0,6.0,1.0,4.0,3.0,220.0,540.0,383.3
232.0,4.0,4.0,0.0,1.0,3.0,335.0,499.0,396.0
232.0,5.0,5.0,0.0,2.0,3.0,277.5,478.5,351.5
232.0,6.0,6.0,0.0,3.0,3.0,220.0,458.0,307.0
232.0,5.0,4.0,1.0,4.0,1.0,373.3333333333333,512.6666666666666,425.66666666666663
232.0,6.0,5.0,1.0,4.0,2.0,450.0,540.0,485.0
