jobType,workerCount,maleCount,femaleCount,ageLt40Count,ageGte40Count,minSalary,maxSalary,meanSalary
443.0,1.0,1.0,0.0,1.0,0.0,0.0,0.0,0.0
443.0,7.0,5.0,2.0,0.0,7.0,230.0,580.0,387.1
443.0,8.0,6.0,2.0,1.0,7.0,230.0,580.0,372.5
443.0,2.0,2.0,0.0,1.0,1.0,65.71428571428571,165.7142857142857,110.57142857142857
443.0,3.0,3.0,0.0,1.0,2.0,98.57142857142857,248.57142857142856,165.85714285714286
443.0,4.0,4.0,0.0,1.0,3.0,131.42857142857142,331.4285714285714,221.14285714285714
443.0,5.0,5.0,0.0,1.0,4.0,164.28571428571428,414.2857142857143,276.42857142857144
443.0,6.0,6.0,0.0,1.0,5.0,197.14285714285714,497.1428571428571,331.7142857142857
443.0,7.0,6.0,1.0,1.0,6.0,230.0,580.0,387.0
