jobType,workerCount,maleCount,femaleCount,ageLt40Count,ageGte40Count,minSalary,maxSalary,meanSalary
722.0,1.0,1.0,0.0,1.0,0.0,0.0,0.0,0.0
722.0,7.0,5.0,2.0,0.0,7.0,160.0,420.0,247.5
722.0,8.0,6.0,2.0,1.0,7.0,160.0,420.0,258.0
722.0,2.0,2.0,0.0,1.0,1.0,45.71428571428571,120.0,70.57142857142857
722.0,3.0,3.0,0.0,1.0,2.0,68.57142857142857,180.0,105.85714285714285
722.0,4.0,4.0,0.0,1.0,3.0,91.42857142857142,240.0,141.14285714285714
722.0,5.0,5.0,0.0,1.0,4.0,114.28571428571429,300.0,176.42857142857144
722.0,6.0,6.0,0.0,1.0,5.0,137.14285714285714,360.0,211.7142857142857
722.0,7.0,6.0,1.0,1.0,6.0,160.0,420.0,247.0
