jobType,workerCount,maleCount,femaleCount,ageLt40Count,ageGte40Count,minSalary,maxSalary,meanSalary
743.0,1.0,0.0,1.0,1.0,0.0,0.0,0.0,0.0
743.0,7.0,2.0,5.0,0.0,7.0,100.0,259.0,166.3
743.0,8.0,2.0,6.0,1.0,7.0,100.0,259.0,166.3
743.0,2.0,0.0,2.0,1.0,1.0,28.57142857142857,74.0,47.42857142857142
743.0,3.0,0.0,3.0,1.0,2.0,42.857142857142854,111.0,71.14285714285714
743.0,4.0,0.0,4.0,1.0,3.0,57.14285714285714,148.0,94.85714285714285
743.0,5.0,0.0,5.0,1.0,4.0,71.42857142857143,185.0,118.57142857142857
743.0,6.0,0.0,6.0,1.0,5.0,85.71428571428571,222.0,142.28571428571428
743.0,7.0,0.0,7.0,1.0,6.0,100.0,259.0,166.0
