jobType,workerCount,maleCount,femaleCount,ageLt40Count,ageGte40Count,minSalary,maxSalary,meanSalary
813.0,3.0,2.0,1.0,3.0,0.0,180.0,200.0,193.3
813.0,5.0,4.0,1.0,0.0,5.0,180.0,400.0,276.7
813.0,8.0,6.0,2.0,3.0,5.0,180.0,400.0,235.0
813.0,6.0,5.0,1.0,1.0,5.0,180.0,266.6666666666667,221.36666666666667
813.0,7.0,6.0,1.0,2.0,5.0,180.0,200.0,193.7
813.0,4.0,3.0,1.0,3.0,1.0,180.0,280.0,226.38
813.0,5.0,3.0,2.0,3.0,2.0,180.0,320.0,242.92000000000002
813.0,6.0,4.0,2.0,3.0,3.0,180.0,360.0,259.46000000000004
813.0,7.0,4.0,3.0,3.0,4.0,180.0,400.0,276.0
