jobType,workerCount,maleCount,femaleCount,ageLt40Count,ageGte40Count,minSalary,maxSalary,meanSalary
814.0,3.0,3.0,0.0,3.0,0.0,300.0,520.0,410.0
814.0,3.0,3.0,0.0,0.0,3.0,200.0,420.0,316.0
814.0,6.0,6.0,0.0,3.0,3.0,200.0,520.0,353.6
814.0,4.0,4.0,0.0,1.0,3.0,266.66666666666663,486.66666666666663,378.6666666666667
814.0,5.0,5.0,0.0,2.0,3.0,300.0,520.0,410.0
814.0,4.0,4.0,0.0,3.0,1.0,233.33333333333334,453.33333333333337,347.3333333333333
814.0,5.0,5.0,0.0,3.0,2.0,200.0,420.0,316.0
