jobType,workerCount,maleCount,femaleCount,ageLt40Count,ageGte40Count,minSalary,maxSalary,meanSalary
815.0,1.0,1.0,0.0,1.0,0.0,0.0,0.0,0.0
815.0,7.0,7.0,0.0,0.0,7.0,290.0,1350.0,620.0
815.0,8.0,8.0,0.0,1.0,7.0,200.0,1350.0,567.5
815.0,2.0,2.0,0.0,1.0,1.0,82.85714285714285,385.71428571428567,177.14285714285714
815.0,3.0,2.0,1.0,1.0,2.0,124.28571428571428,578.5714285714286,265.7142857142857
815.0,4.0,2.0,2.0,1.0,3.0,165.7142857142857,771.4285714285713,354.2857142857143
815.0,5.0,2.0,3.0,1.0,4.0,207.14285714285714,964.2857142857143,442.8571428571429
815.0,6.0,2.0,4.0,1.0,5.0,248.57142857142856,1157.142857142857,531.4285714285714
815.0,7.0,2.0,5.0,1.0,6.0,290.0,1350.0,620.0
