jobType,workerCount,maleCount,femaleCount,ageLt40Count,ageGte40Count,minSalary,maxSalary,meanSalary
841.0,1.0,1.0,0.0,1.0,0.0,0.0,0.0,0.0
841.0,6.0,6.0,0.0,0.0,6.0,400.0,690.0,536.7
841.0,7.0,7.0,0.0,1.0,6.0,300.0,690.0,502.9
841.0,2.0,2.0,0.0,1.0,1.0,133.33333333333331,230.0,178.66666666666666
841.0,3.0,2.0,1.0,1.0,2.0,200.0,345.0,268.0
841.0,4.0,2.0,2.0,1.0,3.0,266.66666666666663,460.0,357.3333333333333
841.0,5.0,2.0,3.0,1.0,4.0,333.33333333333337,575.0,446.6666666666667
841.0,6.0,2.0,4.0,1.0,5.0,400.0,690.0,536.0
