jobType,workerCount,maleCount,femaleCount,ageLt40Count,ageGte40Count,minSalary,maxSalary,meanSalary
112.0,5.0,3.0,2.0,5.0,0.0,270.0,400.0,309.0
112.0,2.0,2.0,0.0,0.0,2.0,0.0,0.0,0.0
112.0,7.0,5.0,2.0,5.0,2.0,270.0,400.0,315.8
112.0,3.0,3.0,0.0,1.0,2.0,108.0,160.0,123.60000000000001
112.0,4.0,4.0,0.0,2.0,2.0,162.0,240.0,185.4
112.0,5.0,5.0,0.0,3.0,2.0,216.0,320.0,247.20000000000002
112.0,6.0,5.0,1.0,4.0,2.0,270.0,400.0,309.0
112.0,6.0,4.0,2.0,5.0,1.0,0.0,0.0,0.0
