jobType,workerCount,maleCount,femaleCount,ageLt40Count,ageGte40Count,minSalary,maxSalary,meanSalary
236.0,1.0,1.0,0.0,1.0,0.0,0.0,0.0,0.0
236.0,6.0,6.0,0.0,0.0,6.0,190.0,340.0,254.0
236.0,7.0,7.0,0.0,1.0,6.0,190.0,700.0,317.7
236.0,2.0,2.0,0.0,1.0,1.0,63.33333333333333,113.33333333333333,84.66666666666666
236.0,3.0,2.0,1.0,1.0,2.0,95.0,170.0,127.0
236.0,4.0,2.0,2.0,1.0,3.0,126.66666666666666,226.66666666666666,169.33333333333331
236.0,5.0,2.0,3.0,1.0,4.0,158.33333333333334,283.33333333333337,211.66666666666669
236.0,6.0,2.0,4.0,1.0,5.0,190.0,340.0,254.0
