jobType,workerCount,maleCount,femaleCount,ageLt40Count,ageGte40Count,minSalary,maxSalary,meanSalary
414.0,2.0,1.0,1.0,2.0,0.0,150.0,190.0,170.0
414.0,3.0,2.0,1.0,0.0,3.0,50.0,150.0,100.0
414.0,5.0,3.0,2.0,2.0,3.0,50.0,190.0,128.0
414.0,4.0,2.0,2.0,1.0,3.0,150.0,190.0,170.0
414.0,3.0,2.0,1.0,2.0,1.0,83.33333333333334,163.33333333333334,123.33333333333334
414.0,4.0,3.0,1.0,2.0,2.0,50.0,150.0,100.0
