jobType,workerCount,maleCount,femaleCount,ageLt40Count,ageGte40Count,minSalary,maxSalary,meanSalary
742.0,4.0,3.0,1.0,4.0,0.0,150.0,250.0,185.0
742.0,3.0,3.0,0.0,0.0,3.0,140.0,300.0,223.3
742.0,7.0,6.0,1.0,4.0,3.0,140.0,300.0,204.2
742.0,4.0,4.0,0.0,1.0,3.0,145.0,275.0,204.3
742.0,5.0,5.0,0.0,2.0,3.0,147.5,262.5,194.8
742.0,6.0,6.0,0.0,3.0,3.0,150.0,250.0,185.3
742.0,5.0,4.0,1.0,4.0,1.0,143.33333333333334,283.3333333333333,210.33333333333334
742.0,6.0,5.0,1.0,4.0,2.0,140.0,300.0,223.0
