jobType,workerCount,maleCount,femaleCount,ageLt40Count,ageGte40Count,minSalary,maxSalary,meanSalary
-1.0,3.0,2.0,1.0,3.0,0.0,150.0,325.0,228.3
-1.0,4.0,3.0,1.0,0.0,4.0,195.0,600.0,397.5
-1.0,7.0,5.0,2.0,3.0,4.0,150.0,600.0,296.0
-1.0,5.0,4.0,1.0,1.0,4.0,165.0,416.6666666666667,284.83333333333337
-1.0,6.0,5.0,1.0,2.0,4.0,150.0,325.0,228.5
-1.0,4.0,2.0,2.0,3.0,1.0,172.5,462.5,312.65
-1.0,5.0,4.0,1.0,3.0,2.0,183.75,531.25,354.825
-1.0,6.0,4.0,2.0,3.0,3.0,195.0,600.0,397.0
