jobType,workerCount,maleCount,femaleCount,ageLt40Count,ageGte40Count,minSalary,maxSalary,meanSalary
134.0,4.0,4.0,0.0,4.0,0.0,210.0,430.0,300.0
134.0,3.0,3.0,0.0,0.0,3.0,130.0,750.0,383.3
134.0,7.0,7.0,0.0,4.0,3.0,130.0,750.0,335.7
134.0,4.0,4.0,0.0,1.0,3.0,170.0,590.0,341.8
134.0,5.0,5.0,0.0,2.0,3.0,190.0,510.0,321.05
134.0,6.0,6.0,0.0,3.0,3.0,210.0,430.0,300.3
134.0,5.0,5.0,0.0,4.0,1.0,156.66666666666669,643.3333333333333,355.3333333333333
134.0,6.0,6.0,0.0,4.0,2.0,130.0,750.0,383.0
