jobType,workerCount,maleCount,femaleCount,ageLt40Count,ageGte40Count,minSalary,maxSalary,meanSalary
162.0,1.0,1.0,0.0,1.0,0.0,0.0,0.0,0.0
162.0,7.0,6.0,1.0,0.0,7.0,200.0,600.0,400.0
162.0,8.0,7.0,1.0,1.0,7.0,200.0,600.0,400.0
162.0,2.0,2.0,0.0,1.0,1.0,57.14285714285714,171.42857142857142,114.28571428571428
162.0,3.0,3.0,0.0,1.0,2.0,85.71428571428571,257.1428571428571,171.42857142857142
162.0,4.0,4.0,0.0,1.0,3.0,114.28571428571428,342.85714285714283,228.57142857142856
162.0,5.0,5.0,0.0,1.0,4.0,142.85714285714286,428.57142857142856,285.7142857142857
162.0,6.0,6.0,0.0,1.0,5.0,171.42857142857142,514.2857142857142,342.85714285714283
162.0,7.0,7.0,0.0,1.0,6.0,200.0,600.0,400.0
