jobType,workerCount,maleCount,femaleCount,ageLt40Count,ageGte40Count,minSalary,maxSalary,meanSalary
171.0,1.0,1.0,0.0,1.0,0.0,0.0,0.0,0.0
171.0,7.0,5.0,2.0,0.0,7.0,300.0,800.0,537.5
171.0,8.0,6.0,2.0,1.0,7.0,300.0,800.0,537.5
171.0,2.0,2.0,0.0,1.0,1.0,85.71428571428571,228.57142857142856,153.42857142857142
171.0,3.0,3.0,0.0,1.0,2.0,128.57142857142856,342.85714285714283,230.14285714285714
171.0,4.0,4.0,0.0,1.0,3.0,171.42857142857142,457.1428571428571,306.85714285714283
171.0,5.0,5.0,0.0,1.0,4.0,214.28571428571428,571.4285714285714,383.57142857142856
171.0,6.0,6.0,0.0,1.0,5.0,257.1428571428571,685.7142857142857,460.2857142857143
171.0,7.0,6.0,1.0,1.0,6.0,300.0,800.0,537.0
