jobType,workerCount,maleCount,femaleCount,ageLt40Count,ageGte40Count,minSalary,maxSalary,meanSalary
211.0,3.0,2.0,1.0,3.0,0.0,200.0,250.0,225.0
211.0,3.0,2.0,1.0,0.0,3.0,80.0,380.0,253.3
211.0,6.0,4.0,2.0,3.0,3.0,80.0,380.0,242.0
211.0,4.0,3.0,1.0,1.0,3.0,160.0,293.33333333333337,234.63333333333335
211.0,5.0,3.0,2.0,2.0,3.0,200.0,250.0,225.3
211.0,4.0,3.0,1.0,3.0,1.0,120.0,336.66666666666663,243.66666666666666
211.0,5.0,3.0,2.0,3.0,2.0,80.0,380.0,253.0
