jobType,workerCount,maleCount,femaleCount,ageLt40Count,ageGte40Count,minSalary,maxSalary,meanSalary
232.0,3.0,2.0,1.0,3.0,0.0,240.0,530.0,370.0
232.0,4.0,4.0,0.0,0.0,4.0,360.0,580.0,455.0
232.0,7.0,6.0,1.0,3.0,4.0,240.0,580.0,418.6
232.0,5.0,5.0,0.0,1.0,4.0,280.0,546.6666666666666,398.3333333333333
232.0,6.0,6.0,0.0,2.0,4.0,240.0,530.0,370.0
232.0,4.0,3.0,1.0,3.0,1.0,300.0,555.0,412.5
232.0,5.0,4.0,1.0,3.0,2.0,330.0,567.5,433.75
232.0,6.0,4.0,2.0,3.0,3.0,360.0,580.0,455.0
