jobType,workerCount,maleCount,femaleCount,ageLt40Count,ageGte40Count,minSalary,maxSalary,meanSalary
300.0,5.0,2.0,3.0,5.0,0.0,160.0,250.0,202.0
300.0,1.0,0.0,1.0,0.0,1.0,0.0,0.0,0.0
300.0,6.0,2.0,4.0,5.0,1.0,160.0,250.0,210.0
300.0,2.0,0.0,2.0,1.0,1.0,64.0,100.0,80.80000000000001
300.0,3.0,0.0,3.0,2.0,1.0,96.0,150.0,121.19999999999999
300.0,4.0,0.0,4.0,3.0,1.0,128.0,200.0,161.60000000000002
300.0,5.0,1.0,4.0,4.0,1.0,160.0,250.0,202.0
