jobType,workerCount,maleCount,femaleCount,ageLt40Count,ageGte40Count,minSalary,maxSalary,meanSalary
414.0,1.0,1.0,0.0,1.0,0.0,0.0,0.0,0.0
414.0,3.0,3.0,0.0,0.0,3.0,45.0,350.0,197.5
414.0,4.0,4.0,0.0,1.0,3.0,45.0,350.0,197.5
414.0,2.0,2.0,0.0,1.0,1.0,30.0,233.33333333333331,131.33333333333331
414.0,3.0,2.0,1.0,1.0,2.0,45.0,350.0,197.0
