jobType,workerCount,maleCount,femaleCount,ageLt40Count,ageGte40Count,minSalary,maxSalary,meanSalary
443.0,2.0,2.0,0.0,2.0,0.0,290.0,290.0,290.0
443.0,6.0,4.0,2.0,0.0,6.0,230.0,540.0,349.2
443.0,8.0,6.0,2.0,2.0,6.0,230.0,540.0,334.4
443.0,7.0,5.0,2.0,1.0,6.0,290.0,290.0,290.2
443.0,3.0,3.0,0.0,2.0,1.0,270.0,373.3333333333333,309.6666666666667
443.0,4.0,4.0,0.0,2.0,2.0,260.0,415.0,319.5
443.0,5.0,5.0,0.0,2.0,3.0,250.0,456.66666666666663,329.3333333333333
443.0,6.0,6.0,0.0,2.0,4.0,240.0,498.33333333333337,339.1666666666667
443.0,7.0,6.0,1.0,2.0,5.0,230.0,540.0,349.0
