jobType,workerCount,maleCount,femaleCount,ageLt40Count,ageGte40Count,minSalary,maxSalary,meanSalary
828.0,3.0,3.0,0.0,3.0,0.0,200.0,280.0,243.3
828.0,2.0,2.0,0.0,0.0,2.0,0.0,0.0,0.0
828.0,5.0,5.0,0.0,3.0,2.0,200.0,460.0,297.5
828.0,3.0,3.0,0.0,1.0,2.0,133.33333333333331,186.66666666666666,162.0
828.0,4.0,4.0,0.0,2.0,2.0,200.0,280.0,243.0
828.0,4.0,4.0,0.0,3.0,1.0,0.0,0.0,0.0
