jobType,workerCount,maleCount,femaleCount,ageLt40Count,ageGte40Count,minSalary,maxSalary,meanSalary
841.0,2.0,2.0,0.0,2.0,0.0,300.0,300.0,300.0
841.0,6.0,6.0,0.0,0.0,6.0,490.0,700.0,558.3
841.0,8.0,8.0,0.0,2.0,6.0,300.0,700.0,493.8
841.0,7.0,7.0,0.0,1.0,6.0,300.0,300.0,300.29999999999995
841.0,3.0,3.0,0.0,2.0,1.0,363.3333333333333,433.3333333333333,386.0
841.0,4.0,4.0,0.0,2.0,2.0,395.0,500.0,429.0
841.0,5.0,4.0,1.0,2.0,3.0,426.66666666666663,566.6666666666666,472.0
841.0,6.0,4.0,2.0,2.0,4.0,458.33333333333337,633.3333333333334,515.0
841.0,7.0,4.0,3.0,2.0,5.0,490.0,700.0,558.0
