jobType,workerCount,maleCount,femaleCount,ageLt40Count,ageGte40Count,minSalary,maxSalary,meanSalary
-1.0,2.0,0.0,2.0,2.0,0.0,100.0,198.0,149.0
-1.0,3.0,1.0,2.0,0.0,3.0,80.0,300.0,166.7
-1.0,5.0,1.0,4.0,2.0,3.0,80.0,300.0,159.6
-1.0,4.0,1.0,3.0,1.0,3.0,100.0,198.0,149.7
-1.0,3.0,0.0,3.0,2.0,1.0,86.66666666666667,266.0,160.33333333333334
-1.0,4.0,0.0,4.0,2.0,2.0,80.0,300.0,166.0
