jobType,workerCount,maleCount,femaleCount,ageLt40Count,ageGte40Count,minSalary,maxSalary,meanSalary
134.0,2.0,2.0,0.0,2.0,0.0,270.0,350.0,310.0
134.0,3.0,3.0,0.0,0.0,3.0,280.0,470.0,383.3
134.0,5.0,5.0,0.0,2.0,3.0,270.0,470.0,354.0
134.0,4.0,4.0,0.0,1.0,3.0,270.0,350.0,310.3
134.0,3.0,3.0,0.0,2.0,1.0,276.6666666666667,430.0,358.6666666666667
134.0,4.0,4.0,0.0,2.0,2.0,280.0,470.0,383.0
