jobType,workerCount,maleCount,femaleCount,ageLt40Count,ageGte40Count,minSalary,maxSalary,meanSalary
171.0,5.0,2.0,3.0,5.0,0.0,500.0,900.0,643.8
171.0,3.0,3.0,0.0,0.0,3.0,400.0,407.0,403.5
171.0,8.0,5.0,3.0,5.0,3.0,400.0,900.0,563.7
171.0,4.0,4.0,0.0,1.0,3.0,440.0,604.2,499.5
171.0,5.0,5.0,0.0,2.0,3.0,460.0,702.8,547.5
171.0,6.0,5.0,1.0,3.0,3.0,480.0,801.4000000000001,595.5
171.0,7.0,5.0,2.0,4.0,3.0,500.0,900.0,643.5
171.0,6.0,3.0,3.0,5.0,1.0,433.33333333333337,571.3333333333334,483.26666666666665
171.0,7.0,4.0,3.0,5.0,2.0,400.0,407.0,403.0
