jobType,workerCount,maleCount,femaleCount,ageLt40Count,ageGte40Count,minSalary,maxSalary,meanSalary
231.0,2.0,2.0,0.0,2.0,0.0,200.0,250.0,225.0
231.0,3.0,3.0,0.0,0.0,3.0,200.0,350.0,266.7
231.0,5.0,5.0,0.0,2.0,3.0,200.0,350.0,250.0
231.0,4.0,4.0,0.0,1.0,3.0,200.0,250.0,225.7
231.0,3.0,3.0,0.0,2.0,1.0,200.0,316.66666666666663,252.33333333333334
231.0,4.0,4.0,0.0,2.0,2.0,200.0,350.0,266.0
