jobType,workerCount,maleCount,femaleCount,ageLt40Count,ageGte40Count,minSalary,maxSalary,meanSalary
293.0,2.0,0.0,2.0,2.0,0.0,160.0,240.0,200.0
293.0,6.0,4.0,2.0,0.0,6.0,200.0,391.0,301.0
293.0,8.0,4.0,4.0,2.0,6.0,160.0,391.0,275.8
293.0,7.0,4.0,3.0,1.0,6.0,160.0,240.0,200.0
293.0,3.0,0.0,3.0,2.0,1.0,173.33333333333334,290.3333333333333,233.66666666666666
293.0,4.0,0.0,4.0,2.0,2.0,180.0,315.5,250.5
293.0,5.0,0.0,5.0,2.0,3.0,186.66666666666666,340.66666666666663,267.3333333333333
293.0,6.0,0.0,6.0,2.0,4.0,193.33333333333334,365.83333333333337,284.1666666666667
293.0,7.0,0.0,7.0,2.0,5.0,200.0,391.0,301.0
