jobType,workerCount,maleCount,femaleCount,ageLt40Count,ageGte40Count,minSalary,maxSalary,meanSalary
530.0,3.0,1.0,2.0,3.0,0.0,40.0,150.0,113.3
530.0,5.0,0.0,5.0,0.0,5.0,80.0,120.0,96.0
530.0,8.0,1.0,7.0,3.0,5.0,40.0,150.0,102.5
530.0,6.0,0.0,6.0,1.0,5.0,53.333333333333336,140.0,107.33333333333333
530.0,7.0,0.0,7.0,2.0,5.0,40.0,150.0,113.0
530.0,4.0,2.0,2.0,3.0,1.0,56.0,138.0,106.38
530.0,5.0,2.0,3.0,3.0,2.0,64.0,132.0,102.92
530.0,6.0,2.0,4.0,3.0,3.0,72.0,126.0,99.46
530.0,7.0,2.0,5.0,3.0,4.0,80.0,120.0,96.0
