jobType,workerCount,maleCount,femaleCount,ageLt40Count,ageGte40Count,minSalary,maxSalary,meanSalary
711.0,3.0,3.0,0.0,3.0,0.0,0.0,0.0,0.0
711.0,5.0,4.0,1.0,0.0,5.0,200.0,300.0,233.3
711.0,8.0,7.0,1.0,3.0,5.0,200.0,400.0,275.0
711.0,6.0,5.0,1.0,1.0,5.0,66.66666666666669,100.0,77.9666666666667
711.0,7.0,6.0,1.0,2.0,5.0,0.0,0.0,0.30000000000001137
711.0,4.0,4.0,0.0,3.0,1.0,80.0,120.0,93.2
711.0,5.0,5.0,0.0,3.0,2.0,120.0,180.0,139.79999999999998
711.0,6.0,6.0,0.0,3.0,3.0,160.0,240.0,186.4
711.0,7.0,7.0,0.0,3.0,4.0,200.0,300.0,233.0
