jobType,workerCount,maleCount,femaleCount,ageLt40Count,ageGte40Count,minSalary,maxSalary,meanSalary
813.0,6.0,5.0,1.0,6.0,0.0,115.0,290.0,195.8
813.0,1.0,1.0,0.0,0.0,1.0,0.0,0.0,0.0
813.0,7.0,6.0,1.0,6.0,1.0,115.0,300.0,210.7
813.0,2.0,2.0,0.0,1.0,1.0,38.33333333333333,96.66666666666666,65.0
813.0,3.0,3.0,0.0,2.0,1.0,57.5,145.0,97.5
813.0,4.0,4.0,0.0,3.0,1.0,76.66666666666666,193.33333333333331,130.0
813.0,5.0,5.0,0.0,4.0,1.0,95.83333333333334,241.66666666666669,162.5
813.0,6.0,6.0,0.0,5.0,1.0,115.0,290.0,195.0
