jobType,workerCount,maleCount,femaleCount,ageLt40Count,ageGte40Count,minSalary,maxSalary,meanSalary
817.0,3.0,3.0,0.0,3.0,0.0,170.0,290.0,230.0
817.0,3.0,3.0,0.0,0.0,3.0,190.0,400.0,280.0
817.0,6.0,6.0,0.0,3.0,3.0,170.0,400.0,255.0
817.0,4.0,4.0,0.0,1.0,3.0,176.66666666666666,326.6666666666667,246.66666666666669
817.0,5.0,5.0,0.0,2.0,3.0,170.0,290.0,230.0
817.0,4.0,4.0,0.0,3.0,1.0,183.33333333333334,363.3333333333333,263.3333333333333
817.0,5.0,5.0,0.0,3.0,2.0,190.0,400.0,280.0
