jobType,workerCount,maleCount,femaleCount,ageLt40Count,ageGte40Count,minSalary,maxSalary,meanSalary
111.0,3.0,3.0,0.0,3.0,0.0,320.0,600.0,430.0
111.0,1.0,1.0,0.0,0.0,1.0,0.0,0.0,0.0
111.0,4.0,4.0,0.0,3.0,1.0,320.0,600.0,440.0
111.0,2.0,2.0,0.0,1.0,1.0,213.33333333333331,400.0,286.66666666666663
111.0,3.0,3.0,0.0,2.0,1.0,320.0,600.0,430.0
