jobType,workerCount,maleCount,femaleCount,ageLt40Count,ageGte40Count,minSalary,maxSalary,meanSalary
113.0,5.0,3.0,2.0,5.0,0.0,100.0,380.0,199.2
113.0,1.0,1.0,0.0,0.0,1.0,0.0,0.0,0.0
113.0,6.0,4.0,2.0,5.0,1.0,100.0,380.0,206.0
113.0,2.0,2.0,0.0,1.0,1.0,40.0,152.0,79.60000000000001
113.0,3.0,3.0,0.0,2.0,1.0,60.0,228.0,119.39999999999999
113.0,4.0,4.0,0.0,3.0,1.0,80.0,304.0,159.20000000000002
113.0,5.0,4.0,1.0,4.0,1.0,100.0,380.0,199.0
