jobType,workerCount,maleCount,femaleCount,ageLt40Count,ageGte40Count,minSalary,maxSalary,meanSalary
162.0,1.0,1.0,0.0,1.0,0.0,0.0,0.0,0.0
162.0,7.0,6.0,1.0,0.0,7.0,250.0,500.0,375.0
162.0,8.0,7.0,1.0,1.0,7.0,250.0,500.0,375.0
162.0,2.0,2.0,0.0,1.0,1.0,71.42857142857143,142.85714285714286,107.14285714285714
162.0,3.0,3.0,0.0,1.0,2.0,107.14285714285714,214.28571428571428,160.7142857142857
162.0,4.0,4.0,0.0,1.0,3.0,142.85714285714286,285.7142857142857,214.28571428571428
162.0,5.0,5.0,0.0,1.0,4.0,178.57142857142858,357.14285714285717,267.8571428571429
162.0,6.0,6.0,0.0,1.0,5.0,214.28571428571428,428.57142857142856,321.4285714285714
162.0,7.0,7.0,0.0,1.0,6.0,250.0,500.0,375.0
