jobType,workerCount,maleCount,femaleCount,ageLt40Count,ageGte40Count,minSalary,maxSalary,meanSalary
253.0,1.0,0.0,1.0,1.0,0.0,0.0,0.0,0.0
253.0,3.0,2.0,1.0,0.0,3.0,40.0,247.0,154.0
253.0,4.0,2.0,2.0,1.0,3.0,40.0,247.0,154.0
253.0,2.0,0.0,2.0,1.0,1.0,26.666666666666664,164.66666666666666,102.66666666666666
253.0,3.0,0.0,3.0,1.0,2.0,40.0,247.0,154.0
