jobType,workerCount,maleCount,femaleCount,ageLt40Count,ageGte40Count,minSalary,maxSalary,meanSalary
281.0,3.0,2.0,1.0,3.0,0.0,100.0,300.0,216.7
281.0,3.0,2.0,1.0,0.0,3.0,0.0,0.0,0.0
281.0,6.0,4.0,2.0,3.0,3.0,80.0,300.0,182.5
281.0,4.0,2.0,2.0,1.0,3.0,66.66666666666666,200.0,144.0
281.0,5.0,3.0,2.0,2.0,3.0,100.0,300.0,216.0
281.0,4.0,3.0,1.0,3.0,1.0,33.33333333333334,100.0,72.23333333333335
281.0,5.0,4.0,1.0,3.0,2.0,0.0,0.0,0.0
