jobType,workerCount,maleCount,femaleCount,ageLt40Count,ageGte40Count,minSalary,maxSalary,meanSalary
414.0,1.0,1.0,0.0,1.0,0.0,0.0,0.0,0.0
414.0,3.0,1.0,2.0,0.0,3.0,20.0,200.0,106.7
414.0,4.0,2.0,2.0,1.0,3.0,20.0,200.0,115.0
414.0,2.0,2.0,0.0,1.0,1.0,13.333333333333332,133.33333333333331,70.66666666666666
414.0,3.0,2.0,1.0,1.0,2.0,20.0,200.0,106.0
