jobType,workerCount,maleCount,femaleCount,ageLt40Count,ageGte40Count,minSalary,maxSalary,meanSalary
530.0,1.0,0.0,1.0,1.0,0.0,0.0,0.0,0.0
530.0,6.0,1.0,5.0,0.0,6.0,100.0,200.0,145.0
530.0,7.0,1.0,6.0,1.0,6.0,100.0,200.0,145.7
530.0,2.0,0.0,2.0,1.0,1.0,33.33333333333333,66.66666666666666,48.33333333333333
530.0,3.0,0.0,3.0,1.0,2.0,50.0,100.0,72.5
530.0,4.0,0.0,4.0,1.0,3.0,66.66666666666666,133.33333333333331,96.66666666666666
530.0,5.0,0.0,5.0,1.0,4.0,83.33333333333334,166.66666666666669,120.83333333333334
530.0,6.0,0.0,6.0,1.0,5.0,100.0,200.0,145.0
