jobType,workerCount,maleCount,femaleCount,ageLt40Count,ageGte40Count,minSalary,maxSalary,meanSalary
711.0,1.0,1.0,0.0,1.0,0.0,0.0,0.0,0.0
711.0,7.0,6.0,1.0,0.0,7.0,190.0,400.0,247.5
711.0,8.0,7.0,1.0,1.0,7.0,190.0,400.0,247.5
711.0,2.0,2.0,0.0,1.0,1.0,54.285714285714285,114.28571428571428,70.57142857142857
711.0,3.0,3.0,0.0,1.0,2.0,81.42857142857143,171.42857142857142,105.85714285714285
711.0,4.0,4.0,0.0,1.0,3.0,108.57142857142857,228.57142857142856,141.14285714285714
711.0,5.0,5.0,0.0,1.0,4.0,135.71428571428572,285.7142857142857,176.42857142857144
711.0,6.0,6.0,0.0,1.0,5.0,162.85714285714286,342.85714285714283,211.7142857142857
711.0,7.0,7.0,0.0,1.0,6.0,190.0,400.0,247.0
