jobType,workerCount,maleCount,femaleCount,ageLt40Count,ageGte40Count,minSalary,maxSalary,meanSalary
811.0,1.0,1.0,0.0,1.0,0.0,0.0,0.0,0.0
811.0,6.0,5.0,1.0,0.0,6.0,200.0,300.0,250.0
811.0,7.0,6.0,1.0,1.0,6.0,200.0,300.0,250.0
811.0,2.0,2.0,0.0,1.0,1.0,66.66666666666666,100.0,83.33333333333333
811.0,3.0,3.0,0.0,1.0,2.0,100.0,150.0,125.0
811.0,4.0,4.0,0.0,1.0,3.0,133.33333333333331,200.0,166.66666666666666
811.0,5.0,5.0,0.0,1.0,4.0,166.66666666666669,250.0,208.33333333333334
811.0,6.0,6.0,0.0,1.0,5.0,200.0,300.0,250.0
