jobType,workerCount,maleCount,femaleCount,ageLt40Count,ageGte40Count,minSalary,maxSalary,meanSalary
815.0,2.0,2.0,0.0,2.0,0.0,200.0,380.0,290.0
815.0,6.0,6.0,0.0,0.0,6.0,195.0,1000.0,553.8
815.0,8.0,8.0,0.0,2.0,6.0,195.0,1000.0,465.8
815.0,7.0,7.0,0.0,1.0,6.0,200.0,380.0,290.79999999999995
815.0,3.0,3.0,0.0,2.0,1.0,198.33333333333334,586.6666666666666,377.66666666666663
815.0,4.0,4.0,0.0,2.0,2.0,197.5,690.0,421.5
815.0,5.0,4.0,1.0,2.0,3.0,196.66666666666666,793.3333333333333,465.3333333333333
815.0,6.0,4.0,2.0,2.0,4.0,195.83333333333334,896.6666666666667,509.1666666666667
815.0,7.0,4.0,3.0,2.0,5.0,195.0,1000.0,553.0
