jobType,workerCount,maleCount,femaleCount,ageLt40Count,ageGte40Count,minSalary,maxSalary,meanSalary
828.0,1.0,1.0,0.0,1.0,0.0,0.0,0.0,0.0
828.0,3.0,3.0,0.0,0.0,3.0,400.0,600.0,500.0
828.0,4.0,4.0,0.0,1.0,3.0,200.0,600.0,400.0
828.0,2.0,2.0,0.0,1.0,1.0,266.66666666666663,400.0,333.3333333333333
828.0,3.0,2.0,1.0,1.0,2.0,400.0,600.0,500.0
