jobType,workerCount,maleCount,femaleCount,ageLt40Count,ageGte40Count,minSalary,maxSalary,meanSalary
112.0,3.0,2.0,1.0,3.0,0.0,82.0,130.0,107.3
112.0,2.0,1.0,1.0,0.0,2.0,145.0,350.0,247.5
112.0,5.0,3.0,2.0,3.0,2.0,82.0,350.0,163.4
112.0,3.0,1.0,2.0,1.0,2.0,103.0,203.33333333333334,154.16666666666669
112.0,4.0,2.0,2.0,2.0,2.0,82.0,130.0,107.5
112.0,4.0,3.0,1.0,3.0,1.0,145.0,350.0,247.0
