jobType,workerCount,maleCount,femaleCount,ageLt40Count,ageGte40Count,minSalary,maxSalary,meanSalary
135.0,5.0,5.0,0.0,5.0,0.0,100.0,210.0,137.5
135.0,3.0,3.0,0.0,0.0,3.0,180.0,200.0,190.0
135.0,8.0,8.0,0.0,5.0,3.0,100.0,210.0,155.0
135.0,4.0,4.0,0.0,1.0,3.0,148.0,204.0,168.8
135.0,5.0,5.0,0.0,2.0,3.0,132.0,206.0,158.2
135.0,6.0,6.0,0.0,3.0,3.0,116.0,208.0,147.6
135.0,7.0,7.0,0.0,4.0,3.0,100.0,210.0,137.0
135.0,6.0,6.0,0.0,5.0,1.0,153.33333333333331,203.33333333333334,172.5
135.0,7.0,7.0,0.0,5.0,2.0,180.0,200.0,190.0
