jobType,workerCount,maleCount,femaleCount,ageLt40Count,ageGte40Count,minSalary,maxSalary,meanSalary
142.0,4.0,1.0,3.0,4.0,0.0,80.0,170.0,125.0
142.0,3.0,1.0,2.0,0.0,3.0,0.0,0.0,0.0
142.0,7.0,2.0,5.0,4.0,3.0,80.0,170.0,125.0
142.0,4.0,2.0,2.0,1.0,3.0,40.0,85.0,62.5
142.0,5.0,1.0,4.0,2.0,3.0,60.0,127.5,93.75
142.0,6.0,2.0,4.0,3.0,3.0,80.0,170.0,125.0
142.0,5.0,2.0,3.0,4.0,1.0,26.66666666666667,56.66666666666667,41.66666666666667
142.0,6.0,2.0,4.0,4.0,2.0,0.0,0.0,0.0
