jobType,workerCount,maleCount,femaleCount,ageLt40Count,ageGte40Count,minSalary,maxSalary,meanSalary
242.0,7.0,3.0,4.0,7.0,0.0,20.0,120.0,83.3
242.0,1.0,1.0,0.0,0.0,1.0,0.0,0.0,0.0
242.0,8.0,4.0,4.0,7.0,1.0,20.0,120.0,83.3
242.0,2.0,2.0,0.0,1.0,1.0,5.7142857142857135,34.285714285714285,23.71428571428571
242.0,3.0,3.0,0.0,2.0,1.0,8.571428571428571,51.42857142857142,35.57142857142857
242.0,4.0,4.0,0.0,3.0,1.0,11.428571428571427,68.57142857142857,47.42857142857142
242.0,5.0,4.0,1.0,4.0,1.0,14.285714285714286,85.71428571428572,59.285714285714285
242.0,6.0,4.0,2.0,5.0,1.0,17.142857142857142,102.85714285714285,71.14285714285714
242.0,7.0,4.0,3.0,6.0,1.0,20.0,120.0,83.0
