jobType,workerCount,maleCount,femaleCount,ageLt40Count,ageGte40Count,minSalary,maxSalary,meanSalary
522.0,3.0,0.0,3.0,3.0,0.0,70.0,120.0,95.0
522.0,3.0,3.0,0.0,0.0,3.0,0.0,0.0,0.0
522.0,6.0,3.0,3.0,3.0,3.0,70.0,120.0,96.7
522.0,4.0,3.0,1.0,1.0,3.0,46.666666666666664,80.0,63.33333333333333
522.0,5.0,3.0,2.0,2.0,3.0,70.0,120.0,95.0
522.0,4.0,0.0,4.0,3.0,1.0,23.333333333333336,40.0,31.66666666666667
522.0,5.0,0.0,5.0,3.0,2.0,0.0,0.0,0.0
