jobType,workerCount,maleCount,femaleCount,ageLt40Count,ageGte40Count,minSalary,maxSalary,meanSalary
711.0,2.0,2.0,0.0,2.0,0.0,0.0,0.0,0.0
711.0,6.0,6.0,0.0,0.0,6.0,90.0,250.0,146.7
711.0,8.0,8.0,0.0,2.0,6.0,90.0,250.0,135.0
711.0,7.0,7.0,0.0,1.0,6.0,0.0,0.0,0.6999999999999886
711.0,3.0,3.0,0.0,2.0,1.0,30.0,83.33333333333333,48.666666666666664
711.0,4.0,4.0,0.0,2.0,2.0,45.0,125.0,73.0
711.0,5.0,4.0,1.0,2.0,3.0,60.0,166.66666666666666,97.33333333333333
711.0,6.0,4.0,2.0,2.0,4.0,75.0,208.33333333333334,121.66666666666667
711.0,7.0,4.0,3.0,2.0,5.0,90.0,250.0,146.0
