jobType,workerCount,maleCount,femaleCount,ageLt40Count,ageGte40Count,minSalary,maxSalary,meanSalary
833.0,3.0,3.0,0.0,3.0,0.0,80.0,100.0,90.0
833.0,2.0,0.0,2.0,0.0,2.0,0.0,0.0,0.0
833.0,5.0,3.0,2.0,3.0,2.0,10.0,100.0,63.3
833.0,3.0,1.0,2.0,1.0,2.0,53.33333333333333,66.66666666666666,60.0
833.0,4.0,2.0,2.0,2.0,2.0,80.0,100.0,90.0
833.0,4.0,4.0,0.0,3.0,1.0,0.0,0.0,0.0
