jobType,workerCount,maleCount,femaleCount,ageLt40Count,ageGte40Count,minSalary,maxSalary,meanSalary
844.0,2.0,2.0,0.0,2.0,0.0,80.0,100.0,90.0
844.0,3.0,3.0,0.0,0.0,3.0,70.0,180.0,123.3
844.0,5.0,5.0,0.0,2.0,3.0,70.0,180.0,110.0
844.0,4.0,4.0,0.0,1.0,3.0,80.0,100.0,90.3
844.0,3.0,3.0,0.0,2.0,1.0,73.33333333333333,153.33333333333331,112.0
844.0,4.0,4.0,0.0,2.0,2.0,70.0,180.0,123.0
