jobType,workerCount,maleCount,femaleCount,ageLt40Count,ageGte40Count,minSalary,maxSalary,meanSalary
980.0,3.0,3.0,0.0,3.0,0.0,85.0,130.0,108.3
980.0,3.0,3.0,0.0,0.0,3.0,150.0,160.0,155.0
980.0,6.0,6.0,0.0,3.0,3.0,85.0,160.0,127.0
980.0,4.0,4.0,0.0,1.0,3.0,106.66666666666667,140.0,123.66666666666667
980.0,5.0,5.0,0.0,2.0,3.0,85.0,130.0,108.0
980.0,4.0,4.0,0.0,3.0,1.0,128.33333333333331,150.0,139.43333333333334
980.0,5.0,5.0,0.0,3.0,2.0,150.0,160.0,155.0
